DT,ticker_symbol,rv_med_5min,rv_min_5min,rvKernel_mth_5min,rbp_cov_5min,r_cov_5min,r_semi_cov_pos_5min,r_semi_cov_neg_5min,rv_med_10min,rv_min_10min,rvKernel_mth_10min,rbp_cov_10min,r_cov_10min,r_semi_cov_pos_10min,r_semi_cov_neg_10min
1/4/2010,MSFT,2.96E-05,3.01E-05,0.00010731,3.89E-05,0.000114494,9.18E-05,2.27E-05,3.99E-05,3.81E-05,0.000120444,4.88E-05,0.000118907,9.64E-05,2.25E-05
1/5/2010,MSFT,8.86E-05,8.19E-05,6.30E-05,8.68E-05,9.19E-05,4.80E-05,4.39E-05,9.88E-05,0.000110419,0.000113547,9.23E-05,7.21E-05,4.10E-05,3.12E-05
1/6/2010,MSFT,0.000120786,0.000107977,0.000114202,0.000103136,0.000113233,4.66E-05,6.66E-05,0.000151394,0.000169127,0.00011669,0.000134775,0.000127236,5.97E-05,6.75E-05
1/7/2010,MSFT,9.28E-05,0.000100667,0.000125381,0.000104753,9.70E-05,3.84E-05,5.86E-05,7.23E-05,7.21E-05,0.00015159,9.11E-05,0.000122932,4.70E-05,7.59E-05
1/8/2010,MSFT,8.42E-05,7.52E-05,9.83E-05,8.38E-05,0.000122556,8.10E-05,4.16E-05,7.09E-05,9.08E-05,0.000137541,8.58E-05,0.000104002,7.42E-05,2.98E-05
1/11/2010,MSFT,0.000210583,0.000202605,0.00017828,0.00016562,0.000153254,5.51E-05,9.81E-05,0.000121335,0.00011562,0.000170383,0.000105623,0.000144783,3.91E-05,0.000105645
1/12/2010,MSFT,0.00011312,0.000107026,0.000100485,0.00012907,0.000177963,7.17E-05,0.000106235,0.000107505,8.52E-05,0.000106958,9.34E-05,0.000121847,5.36E-05,6.82E-05
1/13/2010,MSFT,7.16E-05,5.86E-05,9.23E-05,6.58E-05,0.000100102,4.06E-05,5.95E-05,9.91E-05,9.41E-05,0.000156306,0.000100805,0.000110481,4.97E-05,6.07E-05
1/14/2010,MSFT,0.000167703,0.000124736,0.000239076,0.00014553,0.000188916,0.000132171,5.67E-05,0.000310242,0.00033887,0.000263711,0.000268469,0.000230469,0.000176209,5.43E-05
1/15/2010,MSFT,0.0001274,0.000135039,0.000106203,0.000124433,0.000127821,5.08E-05,7.70E-05,7.76E-05,6.86E-05,0.00011633,7.91E-05,9.97E-05,2.87E-05,7.10E-05
1/19/2010,MSFT,7.47E-05,7.63E-05,0.000130725,8.75E-05,0.00011971,8.64E-05,3.33E-05,7.61E-05,9.54E-05,0.00017145,0.000104508,0.000135175,0.000113115,2.21E-05
1/20/2010,MSFT,0.000214346,0.000197302,0.000184491,0.000181946,0.000183155,7.21E-05,0.000111018,0.000148509,0.000120639,0.000105711,9.97E-05,0.000126855,5.41E-05,7.27E-05
1/21/2010,MSFT,0.000240763,0.000275335,0.00030026,0.000280657,0.000287375,0.000107383,0.000179992,0.000195152,0.000195356,0.000268102,0.000204867,0.000288449,7.15E-05,0.000216965
1/22/2010,MSFT,0.000309528,0.000297916,0.000269715,0.00027437,0.000283949,8.22E-05,0.000201739,0.000254504,0.000210612,0.000328956,0.000195257,0.000285065,5.95E-05,0.000225568
1/25/2010,MSFT,0.000175513,0.000192067,0.000189119,0.00019543,0.000184257,9.91E-05,8.52E-05,0.000196462,0.000178888,0.000201192,0.000170803,0.00018445,8.80E-05,9.64E-05
1/26/2010,MSFT,0.000216738,0.000224156,0.000190055,0.00020547,0.000199655,0.000120348,7.93E-05,0.000141359,0.000142282,0.000215868,0.000141155,0.000167968,0.000120983,4.70E-05
1/27/2010,MSFT,0.000234852,0.000266316,0.000341954,0.0002376,0.000205198,0.000124777,8.04E-05,0.000333074,0.000383435,0.000370902,0.000375136,0.000329746,0.000209517,0.000120229
1/28/2010,MSFT,0.000291692,0.000275773,0.000392693,0.000296424,0.000324926,0.000121499,0.000203427,0.000311842,0.000341243,0.000587527,0.000340444,0.000373995,0.000100772,0.000273222
1/29/2010,MSFT,0.000723548,0.0005906,0.001375578,0.000802023,0.001181988,0.000312284,0.000869704,0.001013417,0.000850413,0.001784945,0.00099347,0.001239936,0.000214378,0.001025558
2/1/2010,MSFT,0.000221656,0.000172467,0.000234547,0.000188819,0.000227799,9.54E-05,0.000132449,0.000288308,0.000252249,0.000220431,0.00023271,0.00022373,9.73E-05,0.000126399
2/2/2010,MSFT,0.00010656,0.000105814,0.000152152,0.000110091,0.00012806,5.75E-05,7.06E-05,0.00010538,7.98E-05,0.000108122,9.36E-05,0.000115842,5.58E-05,6.00E-05
2/3/2010,MSFT,0.00012334,0.000110146,0.000107897,0.000120856,0.000131033,7.84E-05,5.26E-05,9.21E-05,9.04E-05,7.82E-05,9.01E-05,0.000109957,7.76E-05,3.23E-05
2/4/2010,MSFT,0.000259909,0.000217736,0.000228436,0.000228594,0.000263287,9.62E-05,0.000167096,0.000357881,0.000415984,0.000211519,0.000351919,0.00028768,9.44E-05,0.000193316
2/5/2010,MSFT,0.000526971,0.000516311,0.000505647,0.000489814,0.000475319,0.000269566,0.000205753,0.000252121,0.000205509,0.000347424,0.000244924,0.00040807,0.000283806,0.000124264
2/8/2010,MSFT,0.000169436,0.000189919,0.000160979,0.00018258,0.000182373,6.16E-05,0.000120785,0.000129595,0.00010097,0.000215275,0.000111557,0.000193874,5.65E-05,0.000137339
2/9/2010,MSFT,0.000178401,0.00018616,0.000186819,0.000217659,0.000222471,0.000117045,0.000105426,0.000145278,0.000137294,0.000221257,0.000152656,0.000193586,0.000120586,7.30E-05
2/10/2010,MSFT,0.000109301,0.00013059,9.72E-05,0.00011693,0.000120667,6.06E-05,6.00E-05,7.22E-05,6.76E-05,8.17E-05,6.43E-05,0.000107522,4.76E-05,5.99E-05
2/11/2010,MSFT,0.000213987,0.000205932,0.0001466,0.0001966,0.000196695,0.000117722,7.90E-05,0.000174996,0.000133442,0.000233463,0.000159777,0.000190924,0.000123552,6.74E-05
2/12/2010,MSFT,0.000186351,0.000189542,0.000210048,0.0001719,0.00017958,8.68E-05,9.28E-05,0.000159665,0.000171312,0.000314369,0.000173429,0.00017455,9.18E-05,8.27E-05
2/16/2010,MSFT,0.000112975,0.000116935,0.000101403,0.000105401,0.000109309,6.26E-05,4.67E-05,9.42E-05,9.20E-05,0.000100937,0.0001057,0.000115676,6.55E-05,5.01E-05
2/17/2010,MSFT,0.000108949,0.000108475,6.43E-05,0.000108251,0.00011648,6.34E-05,5.31E-05,8.02E-05,6.07E-05,7.32E-05,7.01E-05,8.92E-05,4.13E-05,4.79E-05
2/18/2010,MSFT,8.01E-05,8.68E-05,6.05E-05,8.39E-05,9.24E-05,5.98E-05,3.26E-05,4.92E-05,3.95E-05,4.69E-05,4.72E-05,6.57E-05,4.94E-05,1.62E-05
2/19/2010,MSFT,7.73E-05,9.28E-05,6.34E-05,8.02E-05,8.21E-05,3.47E-05,4.74E-05,6.23E-05,2.86E-05,5.76E-05,3.30E-05,7.53E-05,3.01E-05,4.52E-05
2/22/2010,MSFT,7.17E-05,5.11E-05,6.01E-05,5.56E-05,8.21E-05,4.28E-05,3.93E-05,5.95E-05,7.48E-05,6.40E-05,7.39E-05,8.63E-05,3.68E-05,4.95E-05
2/23/2010,MSFT,0.000186463,0.000200422,0.000212959,0.00017519,0.000197718,7.20E-05,0.000125759,0.000117152,0.000103517,0.000162591,0.000117907,0.000164081,3.83E-05,0.000125749
2/24/2010,MSFT,0.000129815,0.000107363,0.000166915,0.000113162,0.000129217,7.51E-05,5.41E-05,0.000215186,0.00017404,0.000129944,0.000166808,0.00016635,9.02E-05,7.62E-05
2/25/2010,MSFT,0.000145282,0.00013694,0.000150442,0.000126148,0.000133998,9.05E-05,4.35E-05,0.000132626,0.000156552,0.000152489,0.000149788,0.000144076,0.000114262,2.98E-05
2/26/2010,MSFT,9.34E-05,7.93E-05,0.000111016,8.47E-05,9.89E-05,5.35E-05,4.54E-05,9.96E-05,0.000107888,6.87E-05,0.000105684,0.000124444,7.90E-05,4.54E-05
3/1/2010,MSFT,0.000125852,0.000120954,0.000121167,0.000116426,0.000112221,7.05E-05,4.17E-05,9.08E-05,0.000107228,0.000105599,0.000120935,0.000136566,9.94E-05,3.72E-05
3/2/2010,MSFT,0.000289399,0.00027456,0.000300804,0.000269798,0.000303727,0.00010577,0.000197958,0.000215536,0.000238738,0.000345987,0.000243431,0.000269139,7.46E-05,0.000194546
3/3/2010,MSFT,0.000104946,0.000114526,7.16E-05,9.99E-05,9.99E-05,4.22E-05,5.77E-05,0.000142144,0.000138676,7.30E-06,0.00011354,0.000113694,5.52E-05,5.85E-05
3/4/2010,MSFT,0.000136443,0.000105094,9.53E-05,0.000118507,0.000146652,7.77E-05,6.89E-05,0.000109661,0.000110391,4.37E-05,0.000106321,0.000121464,5.32E-05,6.83E-05
3/5/2010,MSFT,7.33E-05,6.63E-05,8.25E-05,7.72E-05,8.28E-05,3.76E-05,4.52E-05,4.55E-05,4.47E-05,5.92E-05,5.07E-05,6.63E-05,2.41E-05,4.22E-05
3/8/2010,MSFT,0.000108662,0.000106062,0.000105817,9.80E-05,0.000102829,6.62E-05,3.67E-05,9.53E-05,7.25E-05,0.000151608,6.62E-05,8.21E-05,5.07E-05,3.14E-05
3/9/2010,MSFT,9.56E-05,6.23E-05,0.000133632,7.08E-05,0.000103563,6.45E-05,3.91E-05,0.000135384,0.000130579,0.00018079,0.000127546,0.000129354,8.07E-05,4.87E-05
3/10/2010,MSFT,0.000105311,9.79E-05,9.00E-05,9.21E-05,9.64E-05,5.04E-05,4.60E-05,7.33E-05,6.44E-05,4.27E-05,5.96E-05,6.09E-05,3.50E-05,2.59E-05
3/11/2010,MSFT,6.53E-05,5.51E-05,6.04E-05,6.26E-05,7.14E-05,4.57E-05,2.57E-05,5.24E-05,4.16E-05,3.29E-05,4.24E-05,4.47E-05,3.21E-05,1.26E-05
3/12/2010,MSFT,9.55E-05,7.33E-05,0.000106785,6.99E-05,9.55E-05,4.47E-05,5.08E-05,0.000124376,0.000119144,6.48E-05,9.45E-05,9.54E-05,4.93E-05,4.60E-05
3/15/2010,MSFT,0.000105522,8.89E-05,9.39E-05,8.59E-05,9.18E-05,4.52E-05,4.66E-05,8.98E-05,9.13E-05,8.37E-05,8.59E-05,8.40E-05,5.04E-05,3.36E-05
3/16/2010,MSFT,8.57E-05,8.24E-05,8.12E-05,8.10E-05,8.78E-05,4.66E-05,4.12E-05,5.59E-05,5.13E-05,6.90E-05,6.52E-05,7.99E-05,4.17E-05,3.81E-05
3/17/2010,MSFT,6.60E-05,6.85E-05,9.77E-05,7.14E-05,9.58E-05,6.20E-05,3.39E-05,6.92E-05,6.80E-05,9.13E-05,7.52E-05,0.00010411,6.45E-05,3.96E-05
3/18/2010,MSFT,8.10E-05,8.08E-05,5.24E-05,7.84E-05,7.87E-05,3.58E-05,4.29E-05,7.13E-05,7.84E-05,1.31E-05,7.21E-05,6.59E-05,3.86E-05,2.73E-05
3/19/2010,MSFT,0.000125886,0.000141841,0.00014756,0.000125393,0.00012224,5.60E-05,6.62E-05,0.000110511,0.000111363,0.000151134,0.000124892,0.000143992,6.07E-05,8.33E-05
3/22/2010,MSFT,5.14E-05,5.58E-05,5.89E-05,6.10E-05,6.36E-05,3.82E-05,2.54E-05,5.14E-05,4.92E-05,4.93E-05,5.23E-05,7.63E-05,4.84E-05,2.78E-05
3/23/2010,MSFT,0.00010385,0.000110028,6.36E-05,0.000108797,9.83E-05,5.97E-05,3.86E-05,6.95E-05,8.86E-05,0.000102692,7.64E-05,6.65E-05,4.25E-05,2.40E-05
3/24/2010,MSFT,7.87E-05,8.62E-05,8.76E-05,9.08E-05,9.99E-05,4.41E-05,5.58E-05,0.00011032,9.65E-05,3.55E-05,9.98E-05,0.000102105,5.00E-05,5.21E-05
3/25/2010,MSFT,0.000143153,0.000138791,0.000241451,0.000132664,0.000152645,8.84E-05,6.43E-05,0.000166132,0.000155816,0.000262562,0.00014288,0.000191883,0.000114898,7.70E-05
3/26/2010,MSFT,0.000111936,0.000117859,7.86E-05,0.000115365,0.00011801,5.16E-05,6.64E-05,7.77E-05,6.48E-05,0.000105723,8.27E-05,9.96E-05,3.83E-05,6.14E-05
3/29/2010,MSFT,5.62E-05,5.00E-05,4.15E-05,4.89E-05,5.05E-05,2.28E-05,2.77E-05,5.64E-05,6.00E-05,3.20E-05,5.98E-05,5.49E-05,2.10E-05,3.39E-05
3/30/2010,MSFT,6.12E-05,6.77E-05,7.54E-05,6.87E-05,7.36E-05,4.21E-05,3.15E-05,6.88E-05,6.12E-05,8.36E-05,7.33E-05,9.37E-05,5.42E-05,3.95E-05
3/31/2010,MSFT,8.43E-05,7.78E-05,8.11E-05,7.68E-05,7.83E-05,2.55E-05,5.28E-05,6.89E-05,6.13E-05,9.39E-05,6.99E-05,8.81E-05,1.37E-05,7.44E-05
4/1/2010,MSFT,0.000188436,0.000183203,0.000208383,0.000163921,0.000168984,7.92E-05,8.98E-05,0.000214617,0.000199368,0.000224541,0.000202553,0.000202003,8.87E-05,0.00011335
4/5/2010,MSFT,9.14E-05,8.79E-05,5.17E-05,7.91E-05,8.14E-05,4.32E-05,3.81E-05,3.94E-05,4.11E-05,4.61E-05,4.21E-05,4.92E-05,3.14E-05,1.78E-05
4/6/2010,MSFT,9.23E-05,0.000106627,7.90E-05,0.000106481,0.000100538,5.95E-05,4.10E-05,5.98E-05,5.43E-05,9.17E-05,5.96E-05,8.29E-05,4.41E-05,3.88E-05
4/7/2010,MSFT,0.000121164,0.000132892,0.000120663,0.000120536,0.000110083,6.20E-05,4.81E-05,7.87E-05,8.09E-05,0.00011059,9.40E-05,0.000114079,7.66E-05,3.75E-05
4/8/2010,MSFT,8.44E-05,8.98E-05,8.47E-05,9.01E-05,0.000102883,6.73E-05,3.56E-05,9.76E-05,0.000113949,0.000115689,9.13E-05,9.40E-05,7.46E-05,1.93E-05
4/9/2010,MSFT,6.40E-05,6.61E-05,3.78E-05,5.95E-05,5.76E-05,3.69E-05,2.06E-05,3.25E-05,2.51E-05,4.55E-05,2.52E-05,2.95E-05,2.40E-05,5.57E-06
4/12/2010,MSFT,5.67E-05,5.55E-05,7.04E-05,6.04E-05,6.64E-05,3.05E-05,3.60E-05,4.15E-05,4.39E-05,3.82E-05,5.86E-05,7.57E-05,3.58E-05,3.99E-05
4/13/2010,MSFT,4.06E-05,4.21E-05,5.88E-05,4.48E-05,5.52E-05,3.97E-05,1.55E-05,2.64E-05,3.10E-05,4.46E-05,3.35E-05,5.85E-05,5.00E-05,8.54E-06
4/14/2010,MSFT,7.07E-05,6.68E-05,6.96E-05,7.76E-05,8.13E-05,4.63E-05,3.50E-05,6.17E-05,5.66E-05,9.05E-05,6.66E-05,8.08E-05,4.72E-05,3.36E-05
4/15/2010,MSFT,9.73E-05,9.78E-05,4.54E-05,8.09E-05,7.22E-05,4.11E-05,3.11E-05,2.49E-05,2.20E-05,3.27E-05,3.01E-05,4.06E-05,2.84E-05,1.22E-05
4/16/2010,MSFT,9.87E-05,8.98E-05,9.12E-05,0.000101414,0.00010757,5.29E-05,5.47E-05,9.90E-05,0.000109954,4.65E-05,0.000104476,8.54E-05,3.78E-05,4.77E-05
4/19/2010,MSFT,6.45E-05,6.26E-05,7.49E-05,6.36E-05,8.38E-05,5.70E-05,2.67E-05,8.14E-05,8.02E-05,2.72E-05,7.22E-05,8.22E-05,5.09E-05,3.12E-05
4/20/2010,MSFT,5.39E-05,4.56E-05,6.57E-05,5.58E-05,7.63E-05,4.41E-05,3.22E-05,6.76E-05,5.35E-05,4.39E-05,5.84E-05,7.30E-05,4.34E-05,2.96E-05
4/21/2010,MSFT,7.57E-05,6.80E-05,2.82E-05,6.73E-05,7.08E-05,3.19E-05,3.89E-05,4.92E-05,4.63E-05,3.97E-05,4.82E-05,4.70E-05,2.17E-05,2.54E-05
4/22/2010,MSFT,0.000159006,0.000185125,0.00013334,0.000176397,0.000171746,8.65E-05,8.53E-05,8.63E-05,6.98E-05,0.000125028,0.000105287,0.000156244,6.73E-05,8.90E-05
4/23/2010,MSFT,0.000378975,0.000330365,0.000337416,0.000335266,0.000388243,0.000185701,0.000202542,0.000435691,0.000441438,0.000326161,0.000450429,0.000439233,0.000230795,0.000208437
4/26/2010,MSFT,9.13E-05,9.56E-05,4.11E-05,8.87E-05,8.79E-05,4.94E-05,3.85E-05,3.94E-05,5.10E-05,4.49E-05,5.33E-05,5.43E-05,3.16E-05,2.27E-05
4/27/2010,MSFT,0.000119174,0.000127689,0.000196633,0.000148795,0.000225672,0.000132107,9.36E-05,9.22E-05,8.19E-05,0.000172967,0.000104461,0.00016342,9.12E-05,7.22E-05
4/28/2010,MSFT,0.000149893,0.000156099,8.67E-05,0.000148731,0.000158812,6.71E-05,9.17E-05,0.000143507,0.000126977,6.38E-05,0.000143424,0.000160792,5.97E-05,0.000101079
4/29/2010,MSFT,5.57E-05,6.26E-05,5.88E-05,6.99E-05,9.36E-05,3.56E-05,5.80E-05,4.91E-05,4.68E-05,4.90E-05,4.86E-05,6.22E-05,2.35E-05,3.86E-05
4/30/2010,MSFT,0.000165479,0.00018511,0.000213678,0.000172055,0.000181859,5.38E-05,0.000128059,0.000187266,0.000163352,0.000109197,0.000178573,0.000242782,6.87E-05,0.000174102
5/3/2010,MSFT,4.81E-05,5.01E-05,5.06E-05,4.69E-05,4.99E-05,3.25E-05,1.74E-05,1.63E-05,1.74E-05,4.94E-05,2.27E-05,4.45E-05,2.89E-05,1.56E-05
5/4/2010,MSFT,0.000157544,0.000124574,0.000272364,0.000150909,0.000191508,6.24E-05,0.000129061,0.000227996,0.000211197,0.000275653,0.000236728,0.000250864,6.97E-05,0.000181184
5/5/2010,MSFT,0.00011973,0.000128676,4.21E-05,0.000141319,0.000188344,0.000137149,5.12E-05,2.59E-05,1.80E-05,6.23E-05,2.04E-05,6.03E-05,4.58E-05,1.46E-05
5/10/2010,MSFT,0.000249936,0.00025777,0.000179391,0.000283966,0.000291882,0.000164645,0.000127238,0.000160719,0.000193021,0.000111245,0.000185645,0.000198641,9.78E-05,0.000100806
5/11/2010,MSFT,0.000227485,0.000208959,0.000239238,0.000230867,0.000276315,0.000153615,0.0001227,0.000219606,0.000189293,0.000177746,0.000184921,0.000252404,0.000136527,0.000115877
5/12/2010,MSFT,0.000126013,0.000134947,0.000114333,0.000123409,0.000133592,8.64E-05,4.71E-05,0.00011818,0.000154754,6.77E-05,0.000131876,0.000125233,8.14E-05,4.38E-05
5/13/2010,MSFT,0.000211022,0.000181672,0.00017932,0.000180836,0.000184999,0.000106977,7.80E-05,0.00024296,0.000255672,0.000145595,0.00023933,0.000245807,0.000153611,9.22E-05
5/14/2010,MSFT,0.000231381,0.000208249,0.000191726,0.00023529,0.000327875,0.000147524,0.000180351,0.000177009,0.000199057,0.000220273,0.000188743,0.000241083,9.02E-05,0.000150847
5/17/2010,MSFT,0.000246613,0.000248179,0.000247389,0.000268664,0.000279591,0.000120048,0.000159543,0.000198218,0.000204224,0.000192259,0.000233091,0.000266215,0.000145522,0.000120693
5/18/2010,MSFT,0.000241424,0.000249042,0.000253888,0.000268574,0.000293209,0.000116137,0.000177072,0.000230156,0.000218058,0.000215612,0.000215311,0.000218369,6.95E-05,0.000148863
5/19/2010,MSFT,0.000641873,0.000654812,0.000510573,0.000575145,0.000553682,0.000296234,0.000257448,0.000512976,0.000525092,0.000340394,0.000448803,0.000391943,0.000151286,0.000240656
5/20/2010,MSFT,0.000569472,0.000506554,0.000513019,0.000535364,0.000595786,0.000215337,0.000380449,0.000582487,0.000619171,0.000513889,0.000544859,0.000529912,0.000196261,0.000333651
5/21/2010,MSFT,0.000266871,0.000225015,0.000355927,0.000276655,0.000387939,0.000257992,0.000129947,0.000323067,0.000383838,0.000263318,0.00034381,0.000340402,0.000205718,0.000134684
5/24/2010,MSFT,0.000146105,0.000168529,0.000124153,0.00016388,0.000149478,6.46E-05,8.49E-05,0.00010583,0.000104469,8.11E-05,0.000110957,0.000123901,2.39E-05,0.000100019
5/25/2010,MSFT,0.000399148,0.000430588,0.000322808,0.000380819,0.00039444,0.000242601,0.000151839,0.000429839,0.000476676,9.22E-05,0.00047425,0.00044856,0.000276914,0.000171647
5/26/2010,MSFT,0.000915582,0.000996207,0.000991651,0.000875145,0.000861826,0.000321445,0.000540381,0.000986682,0.000863418,0.000872404,0.000784242,0.000798866,0.000289861,0.000509006
5/27/2010,MSFT,0.000246808,0.000214602,0.000273578,0.000226992,0.000272767,0.000165435,0.000107332,0.00036018,0.00036525,0.000280972,0.000318687,0.000307063,0.00017773,0.000129333
5/28/2010,MSFT,0.000268422,0.00022129,0.000177308,0.000214768,0.000275535,0.000108691,0.000166844,0.000176576,0.00017672,0.00014261,0.000192729,0.000224186,7.25E-05,0.000151727
6/1/2010,MSFT,0.000275324,0.000305213,0.00033412,0.000307176,0.000291439,0.000161509,0.00012993,0.000302944,0.000376529,0.000464115,0.000338628,0.000323433,0.000183983,0.000139451
6/2/2010,MSFT,0.000108239,0.000113276,0.000189505,0.000122386,0.00017177,6.68E-05,0.000104996,6.67E-05,5.95E-05,0.00018752,7.39E-05,0.000181681,7.07E-05,0.000111008
6/3/2010,MSFT,0.000231853,0.000264667,0.000153398,0.000222431,0.000212291,0.000112182,0.000100109,0.000202519,0.000132518,0.000130516,0.00014691,0.000208915,0.000131355,7.76E-05
6/4/2010,MSFT,0.000416719,0.000466747,0.00023311,0.000392388,0.000373213,0.000186437,0.000186776,0.000254234,0.000317978,0.000315327,0.000261802,0.000260381,0.000130021,0.00013036
6/7/2010,MSFT,0.000188341,0.000171209,0.000179349,0.00018624,0.000237526,6.75E-05,0.000169981,0.000197119,0.000203446,8.12E-05,0.000186726,0.000182249,5.38E-05,0.000128485
6/8/2010,MSFT,0.000341094,0.000360638,0.000391138,0.000381762,0.000387576,0.000167012,0.000220564,0.000357401,0.000389392,0.000194632,0.000409777,0.000405876,0.000138935,0.000266941
6/9/2010,MSFT,0.000276306,0.000299302,0.00017898,0.000260887,0.000244676,9.63E-05,0.000148353,0.000331825,0.000287409,0.000138009,0.000289363,0.000297186,9.33E-05,0.000203883
6/10/2010,MSFT,0.000137928,0.000119345,0.000135843,0.000140544,0.000180914,8.66E-05,9.43E-05,0.000139087,0.000123999,0.00011412,0.000129041,0.000162217,6.69E-05,9.54E-05
6/11/2010,MSFT,0.000352566,0.000378895,0.00030028,0.000372456,0.000358852,0.000219449,0.000139403,0.000320959,0.000327186,0.000440833,0.000302433,0.000293924,0.000223336,7.06E-05
6/14/2010,MSFT,0.00022885,0.000272842,0.000147405,0.00025022,0.000255697,8.29E-05,0.000172795,0.00014946,0.000113995,0.000127094,0.00011038,0.000161164,6.07E-05,0.000100483
6/15/2010,MSFT,0.000157341,0.000194058,0.000204908,0.00017038,0.00014754,0.000106464,4.11E-05,0.00020898,0.000233197,0.000180355,0.00022707,0.000217091,0.000164375,5.27E-05
6/16/2010,MSFT,0.000124408,0.000132534,0.000102591,0.000119085,0.000132399,6.24E-05,7.00E-05,7.06E-05,6.54E-05,0.000104525,7.21E-05,8.23E-05,3.95E-05,4.28E-05
6/17/2010,MSFT,0.000105151,8.98E-05,0.000111137,0.00010059,0.000129362,6.07E-05,6.86E-05,0.000115013,0.000147335,0.000181364,0.000123098,0.000112528,5.50E-05,5.75E-05
6/18/2010,MSFT,0.000144896,0.000136779,9.85E-05,0.000127163,0.000147287,7.35E-05,7.38E-05,0.000110146,9.38E-05,9.37E-05,9.66E-05,0.000116144,6.92E-05,4.69E-05
6/21/2010,MSFT,0.000162544,0.00015072,0.000234204,0.000157138,0.000176971,3.63E-05,0.000140716,0.000130367,0.000125935,0.000220604,0.000138428,0.000207839,2.46E-05,0.00018325
6/22/2010,MSFT,0.000278623,0.000247929,0.000291622,0.000238975,0.000252258,0.00010578,0.000146478,0.000261392,0.000295381,0.000255627,0.000268842,0.000253875,8.88E-05,0.000165055
6/23/2010,MSFT,0.000256988,0.0003012,0.000272498,0.000297374,0.000305537,0.000110645,0.000194892,0.000313556,0.000313914,9.33E-05,0.000307317,0.000335075,8.91E-05,0.000245997
6/24/2010,MSFT,0.000262952,0.000297787,0.000230798,0.000315599,0.000311285,0.000102963,0.000208322,0.000215988,0.000151671,0.00022088,0.000182666,0.000229699,5.71E-05,0.000172571
6/25/2010,MSFT,0.000292445,0.00024324,0.000479065,0.000296039,0.000411397,0.000119636,0.000291761,0.000426204,0.000454818,0.000443472,0.000425508,0.000476849,0.000132907,0.000343943
6/28/2010,MSFT,0.000210775,0.000225865,0.0002009,0.000212766,0.00021315,0.000102933,0.000110217,0.00022792,0.000189332,0.000230613,0.000175013,0.000254268,9.57E-05,0.000158609
6/29/2010,MSFT,0.000386242,0.000446244,0.00026878,0.000420635,0.000429591,0.000156113,0.000273478,0.000361056,0.000387325,0.000248252,0.000326013,0.000400863,0.000133689,0.000267175
6/30/2010,MSFT,0.000256051,0.000271291,0.000243457,0.000259184,0.000269995,0.000131239,0.000138755,0.00025735,0.000321559,0.000278897,0.00027802,0.000229865,9.46E-05,0.000135237
7/1/2010,MSFT,0.000381108,0.000385142,0.000323087,0.000370033,0.000372394,0.000193232,0.000179163,0.000466135,0.000528473,0.00017576,0.00048388,0.000425026,0.000220539,0.000204486
7/2/2010,MSFT,0.000239228,0.00025985,0.000207918,0.000258192,0.000302335,0.000129485,0.000172851,0.000110767,0.000107948,0.000213542,0.000135649,0.000205424,6.45E-05,0.0001409
7/6/2010,MSFT,0.000176124,0.000180983,0.000253761,0.000191763,0.000252604,0.000143509,0.000109096,0.000179759,0.000208352,0.000318783,0.000200104,0.000237169,0.000164693,7.25E-05
7/7/2010,MSFT,0.000265148,0.000268632,0.000276128,0.000254836,0.000262374,0.000164558,9.78E-05,0.000228418,0.000201921,0.000298254,0.000203995,0.000230364,0.000148049,8.23E-05
7/8/2010,MSFT,0.000231234,0.000255691,0.000231784,0.000246537,0.000288486,0.000122698,0.000165788,0.000186618,0.000166999,0.00027787,0.000183001,0.000226037,0.000102141,0.000123896
7/9/2010,MSFT,7.76E-05,7.06E-05,7.71E-05,7.37E-05,9.79E-05,4.83E-05,4.95E-05,7.98E-05,7.19E-05,3.55E-05,7.04E-05,7.71E-05,3.49E-05,4.22E-05
7/12/2010,MSFT,0.000192911,0.000181489,0.000211913,0.000193688,0.000226485,0.00015979,6.67E-05,0.000138323,0.000139415,0.000180337,0.000128948,0.000232045,0.00017208,6.00E-05
7/13/2010,MSFT,0.000230883,0.000269114,8.03E-05,0.00023255,0.000206983,0.000101358,0.000105625,0.000112012,0.00011573,0.000115438,0.000150719,0.000186732,7.78E-05,0.000108944
7/14/2010,MSFT,0.000181194,0.000180708,0.000212501,0.000189971,0.000192368,0.000100518,9.19E-05,0.000196832,0.000222374,0.000114177,0.000204434,0.000183266,0.000105187,7.81E-05
7/15/2010,MSFT,0.000395189,0.000353966,0.000322225,0.000325257,0.000351466,0.000174854,0.000176613,0.000451519,0.000608296,0.000341776,0.00049467,0.000377687,0.000158188,0.000219499
7/16/2010,MSFT,0.000170998,0.00016861,0.000189053,0.000159884,0.000160306,3.51E-05,0.000125218,0.000233669,0.000279305,0.000328518,0.000234508,0.00019301,2.78E-05,0.000165181
7/19/2010,MSFT,0.000157488,0.000133137,0.000161875,0.000137691,0.000167397,0.000120591,4.68E-05,0.000203967,0.000197931,0.000172857,0.000178593,0.000195764,0.000133401,6.24E-05
7/20/2010,MSFT,0.000247947,0.000271756,9.86E-05,0.000240349,0.000229204,0.000143316,8.59E-05,0.000169342,0.000138428,0.000126933,0.000150318,0.000166971,0.000121129,4.58E-05
7/21/2010,MSFT,0.000253891,0.000258527,0.000455515,0.000240463,0.000253751,6.31E-05,0.000190604,0.00026887,0.000273097,0.000503344,0.000291001,0.000361531,7.84E-05,0.000283109
7/22/2010,MSFT,0.000267527,0.000259081,0.00021215,0.000234206,0.000257783,0.000159025,9.88E-05,0.000234314,0.000250912,0.000103114,0.000244549,0.000279148,0.000194268,8.49E-05
7/23/2010,MSFT,0.000427796,0.000415575,0.000455439,0.0003796,0.000353295,0.000166446,0.000186849,0.000337039,0.000334644,0.000557783,0.000310396,0.000385254,0.000128586,0.000256667
7/26/2010,MSFT,0.000104928,0.000103967,8.91E-05,0.000108851,0.000125707,7.84E-05,4.73E-05,0.000115975,0.000120294,0.00012141,0.000113858,0.000112294,6.66E-05,4.57E-05
7/27/2010,MSFT,9.94E-05,0.000116438,6.70E-05,0.000114525,0.00011136,6.20E-05,4.93E-05,0.00011578,8.90E-05,6.63E-05,9.37E-05,0.000104905,5.47E-05,5.02E-05
7/28/2010,MSFT,0.000104853,0.000115062,0.000122037,0.000100719,9.64E-05,4.70E-05,4.94E-05,0.00012405,0.000105855,0.000163434,0.000103958,0.000115094,5.04E-05,6.47E-05
7/29/2010,MSFT,0.00021667,0.000207574,0.000234836,0.000198269,0.000202337,8.46E-05,0.000117704,0.000221226,0.000211697,0.000360904,0.000209317,0.000216835,0.000104021,0.000112814
7/30/2010,MSFT,0.000217196,0.000212613,0.000298747,0.000240205,0.00037884,0.000104096,0.000274744,0.000231666,0.000213846,0.000172066,0.000209005,0.000318446,9.73E-05,0.000221106
8/2/2010,MSFT,0.00016045,0.000150489,6.14E-05,0.000126775,0.00016206,0.000102452,5.96E-05,6.82E-05,5.89E-05,0.000119451,6.79E-05,8.61E-05,7.02E-05,1.60E-05
8/3/2010,MSFT,7.74E-05,7.67E-05,5.63E-05,8.11E-05,8.71E-05,3.76E-05,4.94E-05,5.49E-05,4.07E-05,8.46E-05,4.84E-05,6.09E-05,2.88E-05,3.20E-05
8/4/2010,MSFT,0.000303369,0.000335075,0.000329338,0.000272312,0.000269315,7.85E-05,0.000190834,0.000141787,8.77E-05,0.00039841,0.000108924,0.000353459,7.38E-05,0.000279629
8/5/2010,MSFT,7.37E-05,7.95E-05,5.99E-05,7.84E-05,7.13E-05,2.78E-05,4.34E-05,5.97E-05,7.65E-05,8.57E-05,6.94E-05,5.90E-05,1.89E-05,4.01E-05
8/6/2010,MSFT,0.000140301,0.000126624,0.000126355,0.000131585,0.00013552,8.14E-05,5.41E-05,0.000110449,0.000108245,0.00017766,0.000118164,0.000146701,8.87E-05,5.80E-05
8/9/2010,MSFT,9.97E-05,0.000113123,4.04E-05,0.000112131,0.000111994,4.78E-05,6.42E-05,7.94E-05,8.77E-05,0.000102278,6.62E-05,6.34E-05,3.18E-05,3.16E-05
8/10/2010,MSFT,0.000138554,0.000112955,0.00020098,0.000125378,0.000187271,5.78E-05,0.00012952,0.000106249,0.000107077,0.000150325,0.000101813,0.000199975,4.13E-05,0.000158644
8/11/2010,MSFT,9.64E-05,9.55E-05,0.000100645,9.99E-05,0.000106566,6.33E-05,4.32E-05,7.81E-05,6.78E-05,0.000103662,7.71E-05,7.67E-05,4.70E-05,2.97E-05
8/12/2010,MSFT,0.00016573,0.000151676,0.000153307,0.000143809,0.000205989,0.000137227,6.88E-05,8.60E-05,9.71E-05,0.000130711,0.000105127,0.000131074,8.78E-05,4.33E-05
8/13/2010,MSFT,0.000100354,9.82E-05,5.55E-05,0.000114713,0.000126404,5.39E-05,7.25E-05,0.000124065,0.000128248,8.98E-05,0.000108477,0.000110758,5.31E-05,5.76E-05
8/16/2010,MSFT,0.00012384,0.000115487,7.90E-05,0.000107674,0.000106062,5.83E-05,4.78E-05,0.000118449,0.000122338,4.32E-05,0.000106471,9.81E-05,5.84E-05,3.97E-05
8/17/2010,MSFT,0.000158626,0.000151383,0.000143063,0.000154076,0.00016399,9.31E-05,7.09E-05,0.000182689,0.000152695,0.00011265,0.000146962,0.000179733,9.88E-05,8.10E-05
8/18/2010,MSFT,0.000102968,0.000110788,0.000114069,9.95E-05,0.000126072,7.29E-05,5.32E-05,4.07E-05,3.59E-05,0.000121042,6.06E-05,0.00011295,7.74E-05,3.56E-05
8/19/2010,MSFT,0.00015071,0.000153667,0.000113609,0.000142514,0.000144122,6.04E-05,8.37E-05,9.83E-05,8.85E-05,0.000108709,8.57E-05,8.71E-05,3.03E-05,5.68E-05
8/20/2010,MSFT,7.63E-05,8.95E-05,5.37E-05,7.69E-05,6.65E-05,3.35E-05,3.30E-05,4.71E-05,4.32E-05,2.08E-05,4.39E-05,4.98E-05,2.12E-05,2.86E-05
8/23/2010,MSFT,0.000121188,0.000118859,0.000166906,0.000109726,0.000121017,5.53E-05,6.57E-05,0.000132333,0.000140509,0.000201884,0.000125222,0.000154862,7.14E-05,8.34E-05
8/24/2010,MSFT,0.000196221,0.000163804,0.000179236,0.000153597,0.000157797,8.14E-05,7.64E-05,0.000193037,0.00014965,0.000111789,0.000177371,0.000208224,0.000113643,9.46E-05
8/25/2010,MSFT,0.000118255,0.000107555,0.000168972,0.000125845,0.000153657,7.92E-05,7.45E-05,0.000183957,0.000162825,0.000126133,0.000135928,0.000136867,7.74E-05,5.94E-05
8/26/2010,MSFT,0.000134197,0.000152938,0.000117127,0.000143967,0.000142506,5.73E-05,8.52E-05,8.12E-05,5.91E-05,8.22E-05,6.93E-05,0.000113145,3.11E-05,8.21E-05
8/27/2010,MSFT,0.000347267,0.000325916,0.000416576,0.000307591,0.000291281,0.000141794,0.000149487,0.000442395,0.00044923,0.000231768,0.000394129,0.00036081,0.000190539,0.000170271
8/30/2010,MSFT,0.000102397,9.95E-05,5.67E-05,8.32E-05,9.17E-05,4.09E-05,5.08E-05,6.21E-05,7.14E-05,5.38E-05,6.56E-05,6.10E-05,2.75E-05,3.35E-05
8/31/2010,MSFT,0.000157953,0.000168939,7.10E-05,0.000162214,0.000156488,7.86E-05,7.79E-05,9.46E-05,8.59E-05,8.42E-05,8.55E-05,0.000101976,4.30E-05,5.90E-05
9/1/2010,MSFT,7.02E-05,7.87E-05,0.000194461,0.0001066,0.000176886,0.000130618,4.63E-05,4.33E-05,4.69E-05,0.000191836,7.55E-05,0.000177598,0.000148747,2.89E-05
9/2/2010,MSFT,6.23E-05,7.10E-05,1.92E-05,6.55E-05,6.90E-05,2.92E-05,3.98E-05,3.05E-05,2.34E-05,2.19E-05,2.72E-05,3.72E-05,1.74E-05,1.98E-05
9/3/2010,MSFT,5.70E-05,6.45E-05,9.86E-05,7.73E-05,9.32E-05,5.56E-05,3.76E-05,4.86E-05,6.24E-05,3.64E-05,8.74E-05,0.000130751,8.12E-05,4.96E-05
9/7/2010,MSFT,5.95E-05,4.62E-05,0.000112657,6.39E-05,0.000119091,5.38E-05,6.52E-05,0.00010048,0.000114088,0.000109548,0.000105441,0.00010501,5.34E-05,5.16E-05
9/8/2010,MSFT,9.97E-05,0.00010269,0.000100037,0.000108185,0.000109388,4.59E-05,6.35E-05,7.71E-05,5.62E-05,9.08E-05,7.39E-05,0.000100615,3.85E-05,6.21E-05
9/9/2010,MSFT,5.74E-05,5.03E-05,3.06E-05,5.28E-05,5.78E-05,1.99E-05,3.79E-05,5.68E-05,4.82E-05,4.80E-05,4.16E-05,5.12E-05,1.49E-05,3.63E-05
9/10/2010,MSFT,6.36E-05,6.73E-05,6.62E-05,6.54E-05,6.84E-05,3.04E-05,3.81E-05,4.46E-05,3.86E-05,2.74E-05,4.26E-05,5.49E-05,1.63E-05,3.86E-05
9/13/2010,MSFT,0.000571129,0.000572922,0.000933393,0.000542601,0.000511942,0.000429297,8.26E-05,0.000333526,0.000486008,0.000741199,0.000613164,0.000610792,0.000519759,9.10E-05
9/14/2010,MSFT,0.000116477,0.000116836,0.000163134,0.000124179,0.000128437,6.67E-05,6.18E-05,0.000129375,0.000145175,0.000124879,0.000136861,0.000154204,7.20E-05,8.22E-05
9/15/2010,MSFT,4.89E-05,4.50E-05,8.53E-05,5.21E-05,8.23E-05,3.22E-05,5.01E-05,5.21E-05,4.16E-05,5.87E-05,5.82E-05,8.70E-05,3.79E-05,4.91E-05
9/16/2010,MSFT,0.000102593,8.63E-05,8.99E-05,8.69E-05,0.000107573,5.88E-05,4.88E-05,9.50E-05,0.000100406,4.70E-05,9.11E-05,8.58E-05,5.09E-05,3.48E-05
9/17/2010,MSFT,0.000149684,0.000115779,6.76E-05,0.000119275,0.000124438,3.69E-05,8.75E-05,0.000142553,0.000163096,0.000128385,0.000119297,0.000106156,3.91E-05,6.70E-05
9/20/2010,MSFT,0.000123914,9.74E-05,0.000102378,0.000100982,0.000136728,6.51E-05,7.17E-05,0.00010987,9.09E-05,9.61E-05,8.57E-05,9.84E-05,5.53E-05,4.31E-05
9/21/2010,MSFT,6.80E-05,6.03E-05,7.72E-05,7.33E-05,0.000115468,3.85E-05,7.70E-05,7.25E-05,6.14E-05,0.000111433,6.64E-05,8.66E-05,2.47E-05,6.20E-05
9/22/2010,MSFT,0.000144032,0.000167532,0.00014496,0.000144207,0.000132967,5.07E-05,8.22E-05,0.000155267,0.000143326,0.000191592,0.000140334,0.000145218,4.77E-05,9.76E-05
9/23/2010,MSFT,5.98E-05,5.72E-05,4.36E-05,5.15E-05,6.28E-05,2.96E-05,3.32E-05,6.81E-05,6.05E-05,2.81E-05,5.34E-05,6.41E-05,2.88E-05,3.53E-05
9/24/2010,MSFT,7.87E-05,7.73E-05,6.60E-05,7.30E-05,8.84E-05,5.35E-05,3.49E-05,8.57E-05,9.32E-05,4.18E-06,8.60E-05,8.73E-05,5.73E-05,3.00E-05
9/27/2010,MSFT,0.00010138,0.000111262,8.25E-05,0.000101561,9.05E-05,3.47E-05,5.57E-05,9.41E-05,7.51E-05,0.00011854,7.56E-05,9.51E-05,3.70E-05,5.81E-05
9/28/2010,MSFT,0.000109233,0.00011734,0.000184505,0.000126541,0.000134477,4.77E-05,8.67E-05,0.000145941,0.00015676,0.00021643,0.000139687,0.000141064,4.57E-05,9.54E-05
9/29/2010,MSFT,0.000145986,0.000170424,8.60E-05,0.000144846,0.000125142,4.82E-05,7.69E-05,7.20E-05,7.44E-05,0.000118838,8.27E-05,0.000105953,3.48E-05,7.12E-05
9/30/2010,MSFT,0.000134554,0.000144262,0.000106993,0.000150318,0.000150503,6.19E-05,8.86E-05,0.000116892,0.00012329,0.000185411,0.000109292,0.000113135,4.76E-05,6.55E-05
10/1/2010,MSFT,9.96E-05,0.000109797,0.000127223,0.000123239,0.000134784,3.60E-05,9.88E-05,0.000127778,8.92E-05,0.000140015,0.00010224,0.000138509,2.58E-05,0.000112692
10/4/2010,MSFT,8.61E-05,8.41E-05,3.94E-05,7.90E-05,8.14E-05,3.54E-05,4.60E-05,6.74E-05,7.29E-05,3.50E-05,5.64E-05,4.94E-05,2.09E-05,2.85E-05
10/5/2010,MSFT,0.000117539,0.000140196,0.000130727,0.000121065,0.000116306,6.80E-05,4.83E-05,0.000124884,0.000117527,0.000120626,0.000114502,0.000127124,7.86E-05,4.85E-05
10/6/2010,MSFT,0.00012439,0.000129791,0.000153372,0.000123859,0.00012688,7.17E-05,5.52E-05,0.000182762,0.000133569,0.000164464,0.000137072,0.000165547,9.66E-05,6.89E-05
10/7/2010,MSFT,0.000134998,0.000119403,0.000104435,0.000129912,0.000148397,5.98E-05,8.86E-05,0.000134018,0.000159119,0.000156262,0.0001666,0.000151878,5.77E-05,9.42E-05
10/8/2010,MSFT,0.000130903,0.000147281,9.57E-05,0.000130066,0.000124083,5.63E-05,6.78E-05,7.60E-05,7.24E-05,0.000104514,7.02E-05,7.28E-05,3.35E-05,3.93E-05
10/11/2010,MSFT,3.67E-05,2.94E-05,6.28E-05,2.95E-05,4.93E-05,1.74E-05,3.20E-05,7.37E-05,7.15E-05,7.22E-05,5.80E-05,5.85E-05,1.56E-05,4.29E-05
10/12/2010,MSFT,0.000114404,0.00012285,0.000138033,0.000110278,0.000117005,5.39E-05,6.31E-05,7.65E-05,8.35E-05,0.000115162,9.36E-05,0.000138583,7.63E-05,6.23E-05
10/13/2010,MSFT,0.000106199,8.63E-05,0.000114788,9.48E-05,0.000111397,6.31E-05,4.83E-05,0.000100179,9.81E-05,0.00010559,9.29E-05,0.000104189,5.73E-05,4.69E-05
10/14/2010,MSFT,0.00017216,0.000139114,0.000127113,0.000145701,0.0001658,7.29E-05,9.29E-05,0.000125229,0.000111727,0.000154505,0.000104334,0.000111028,5.59E-05,5.52E-05
10/15/2010,MSFT,7.42E-05,7.32E-05,6.79E-05,7.51E-05,7.50E-05,4.58E-05,2.92E-05,7.99E-05,8.17E-05,8.20E-05,7.57E-05,7.09E-05,4.50E-05,2.59E-05
10/18/2010,MSFT,0.000125393,0.000134777,0.000190781,0.000120967,0.000114231,7.46E-05,3.96E-05,0.000191233,0.000232126,0.000216012,0.000184077,0.000154243,0.000108586,4.57E-05
10/19/2010,MSFT,0.000246744,0.000273049,0.000232437,0.000251658,0.000227531,9.25E-05,0.000135004,0.000172174,0.000168136,0.000171371,0.000192791,0.000193157,5.87E-05,0.000134472
10/20/2010,MSFT,0.000131175,0.000147518,0.000103777,0.00012667,0.000113699,6.00E-05,5.37E-05,0.000133653,0.000164893,8.09E-05,0.00013585,0.000105279,5.15E-05,5.38E-05
10/21/2010,MSFT,0.000165445,0.00018006,0.00014388,0.000160948,0.000152717,7.04E-05,8.23E-05,8.54E-05,8.10E-05,0.000134991,8.81E-05,0.000108723,4.34E-05,6.53E-05
10/22/2010,MSFT,7.42E-05,8.24E-05,9.16E-05,7.48E-05,8.16E-05,2.73E-05,5.42E-05,7.75E-05,5.11E-05,4.22E-05,5.33E-05,8.01E-05,2.21E-05,5.81E-05
10/25/2010,MSFT,6.95E-05,6.75E-05,6.35E-05,6.44E-05,6.34E-05,2.96E-05,3.38E-05,5.70E-05,5.94E-05,4.54E-05,5.15E-05,5.30E-05,2.22E-05,3.08E-05
10/26/2010,MSFT,0.000129877,0.000135183,0.000145418,0.000132771,0.000135479,0.000106323,2.92E-05,0.000113479,9.98E-05,0.000144057,0.000110447,0.000129927,0.000113274,1.67E-05
10/27/2010,MSFT,7.56E-05,7.75E-05,5.94E-05,8.67E-05,9.64E-05,6.04E-05,3.61E-05,6.78E-05,6.62E-05,5.41E-05,6.80E-05,8.23E-05,5.08E-05,3.15E-05
10/28/2010,MSFT,0.000144334,0.000138287,0.000189357,0.000124371,0.000139785,6.61E-05,7.37E-05,0.0001604,0.000125903,0.00016053,0.000112457,0.000152778,8.18E-05,7.09E-05
10/29/2010,MSFT,0.000269792,0.000233568,0.000323602,0.000225675,0.000229257,6.89E-05,0.00016039,0.00025812,0.000261226,0.000413078,0.000253158,0.000263522,7.14E-05,0.000192077
11/1/2010,MSFT,9.11E-05,8.36E-05,0.000153845,9.45E-05,0.000134175,6.21E-05,7.21E-05,9.71E-05,7.59E-05,0.000177908,8.34E-05,0.000118098,6.15E-05,5.66E-05
11/2/2010,MSFT,8.64E-05,9.39E-05,5.28E-05,8.04E-05,7.46E-05,4.57E-05,2.89E-05,3.53E-05,4.43E-05,3.94E-05,3.76E-05,5.34E-05,4.11E-05,1.22E-05
11/3/2010,MSFT,0.000110919,9.73E-05,0.000158497,0.000108071,0.000147788,4.09E-05,0.000106912,0.000138487,0.00011327,0.000134374,0.000125522,0.00016495,4.12E-05,0.00012371
11/4/2010,MSFT,8.17E-05,8.29E-05,0.000146827,9.71E-05,0.000107144,3.72E-05,7.00E-05,0.00011981,0.000114505,0.000130591,0.000113505,0.000113365,3.63E-05,7.71E-05
11/5/2010,MSFT,0.000124371,0.00012116,0.000192351,0.000130666,0.000176602,5.99E-05,0.000116725,0.00015039,0.000159811,0.000275296,0.000160601,0.000179053,5.92E-05,0.000119811
11/8/2010,MSFT,9.99E-05,0.000110885,7.68E-05,9.08E-05,8.57E-05,5.09E-05,3.48E-05,3.80E-05,3.42E-05,4.88E-05,4.74E-05,6.15E-05,3.51E-05,2.65E-05
11/9/2010,MSFT,0.000107291,7.17E-05,0.000118918,0.000106568,0.000162969,9.64E-05,6.66E-05,0.000121763,0.000139949,6.81E-05,0.000145081,0.000149689,0.000101292,4.84E-05
11/10/2010,MSFT,7.36E-05,6.91E-05,6.74E-05,6.75E-05,7.06E-05,3.37E-05,3.69E-05,6.74E-05,6.81E-05,1.68E-05,7.14E-05,7.41E-05,3.96E-05,3.45E-05
11/11/2010,MSFT,0.000239229,0.000268476,7.86E-05,0.000286813,0.000360983,0.000105111,0.000255872,0.000133639,0.000140483,0.000162741,0.000141758,0.000174334,6.84E-05,0.000105899
11/12/2010,MSFT,6.82E-05,7.10E-05,7.18E-05,6.90E-05,7.17E-05,2.73E-05,4.44E-05,0.000108992,0.000105021,7.36E-05,8.25E-05,8.20E-05,3.09E-05,5.11E-05
11/15/2010,MSFT,7.47E-05,6.98E-05,0.000132888,7.49E-05,0.000103281,5.37E-05,4.95E-05,9.31E-05,9.25E-05,9.61E-05,8.37E-05,0.000112152,6.64E-05,4.57E-05
11/16/2010,MSFT,0.000208613,0.000234738,0.000192001,0.000202009,0.000219919,8.21E-05,0.000137779,0.000175608,0.000165043,0.000225393,0.000171555,0.000217464,6.90E-05,0.000148471
11/17/2010,MSFT,6.98E-05,7.00E-05,4.25E-05,6.07E-05,6.16E-05,1.99E-05,4.17E-05,5.03E-05,4.83E-05,4.71E-05,5.16E-05,6.30E-05,1.62E-05,4.68E-05
11/18/2010,MSFT,0.000131283,9.16E-05,0.000158014,0.000113188,0.000170917,0.000121167,4.98E-05,0.00021555,0.000231665,0.000140586,0.000195901,0.000173216,0.000112352,6.09E-05
11/19/2010,MSFT,5.88E-05,6.00E-05,5.44E-05,5.52E-05,5.91E-05,2.10E-05,3.81E-05,2.21E-05,1.81E-05,5.59E-05,2.05E-05,7.15E-05,1.12E-05,6.03E-05
11/22/2010,MSFT,9.61E-05,0.000100265,9.94E-05,9.79E-05,0.000106299,5.20E-05,5.43E-05,8.64E-05,6.47E-05,7.87E-05,6.36E-05,8.10E-05,4.61E-05,3.49E-05
11/23/2010,MSFT,0.000113306,0.000125936,0.000184513,0.000117787,0.000127026,3.26E-05,9.44E-05,9.73E-05,7.23E-05,0.00015556,9.55E-05,0.000143345,3.61E-05,0.00010722
11/24/2010,MSFT,5.94E-05,5.83E-05,5.43E-05,5.34E-05,6.13E-05,4.15E-05,1.98E-05,4.57E-05,4.57E-05,4.26E-05,4.50E-05,4.65E-05,3.16E-05,1.49E-05
11/26/2010,MSFT,4.77E-05,5.06E-05,0.000126869,5.98E-05,0.000112595,5.92E-05,5.34E-05,9.87E-05,7.42E-05,0.000109309,7.11E-05,0.000112813,6.97E-05,4.31E-05
11/29/2010,MSFT,9.48E-05,9.03E-05,0.000101729,8.81E-05,8.91E-05,4.84E-05,4.06E-05,0.000104129,9.61E-05,0.000102886,9.29E-05,0.000102047,6.05E-05,4.16E-05
11/30/2010,MSFT,0.000115784,8.52E-05,9.25E-05,9.26E-05,0.000131793,8.44E-05,4.74E-05,0.000101651,0.000101321,0.000166197,9.41E-05,0.000108233,7.79E-05,3.04E-05
12/1/2010,MSFT,0.000150968,0.000136318,0.000188119,0.000132451,0.000224597,0.000156121,6.85E-05,0.000121125,0.000103411,0.000166039,0.000108782,0.000188709,0.000146339,4.24E-05
12/2/2010,MSFT,0.000148552,0.000126534,0.000288679,0.000148509,0.000207501,0.000145547,6.20E-05,0.000208075,0.00012791,0.000238421,0.000138192,0.000278825,0.000219204,5.96E-05
12/3/2010,MSFT,5.42E-05,5.05E-05,2.33E-05,5.33E-05,5.37E-05,3.10E-05,2.27E-05,2.94E-05,3.51E-05,3.43E-05,3.15E-05,3.40E-05,2.26E-05,1.14E-05
12/6/2010,MSFT,4.97E-05,4.69E-05,9.38E-06,4.19E-05,4.88E-05,2.07E-05,2.80E-05,2.72E-05,3.22E-05,1.09E-05,2.95E-05,2.72E-05,1.10E-05,1.62E-05
12/7/2010,MSFT,0.000152143,0.000178067,4.55E-05,0.000155942,0.000131377,5.81E-05,7.33E-05,7.41E-05,7.29E-05,9.67E-05,7.98E-05,0.000108006,2.92E-05,7.88E-05
12/8/2010,MSFT,9.73E-05,7.66E-05,9.28E-05,8.10E-05,9.02E-05,6.08E-05,2.94E-05,6.68E-05,5.22E-05,0.000105358,5.43E-05,7.58E-05,6.24E-05,1.34E-05
12/9/2010,MSFT,0.00011442,0.000100781,7.26E-05,8.90E-05,9.40E-05,3.71E-05,5.68E-05,0.0001248,0.000114723,3.55E-05,9.89E-05,9.95E-05,3.38E-05,6.57E-05
12/10/2010,MSFT,5.45E-05,5.84E-05,1.30E-05,5.38E-05,5.84E-05,3.72E-05,2.12E-05,2.43E-05,2.31E-05,1.92E-05,2.81E-05,3.31E-05,2.39E-05,9.25E-06
12/13/2010,MSFT,5.07E-05,4.80E-05,2.61E-05,5.31E-05,6.21E-05,2.19E-05,4.01E-05,3.78E-05,5.09E-05,4.84E-05,4.62E-05,4.63E-05,1.56E-05,3.07E-05
12/14/2010,MSFT,6.08E-05,4.92E-05,9.19E-05,5.89E-05,8.82E-05,5.58E-05,3.24E-05,9.42E-05,9.81E-05,7.71E-05,9.23E-05,9.20E-05,6.24E-05,2.96E-05
12/15/2010,MSFT,0.000101054,0.000113135,0.000109331,0.000109208,0.000110608,6.65E-05,4.41E-05,0.00010856,0.000102449,0.000132651,0.000102684,0.00011509,7.35E-05,4.16E-05
12/16/2010,MSFT,6.97E-05,6.87E-05,9.99E-05,7.25E-05,8.84E-05,4.88E-05,3.97E-05,7.52E-05,8.11E-05,9.24E-05,6.90E-05,8.17E-05,4.52E-05,3.65E-05
12/17/2010,MSFT,5.91E-05,6.18E-05,7.87E-05,5.98E-05,6.86E-05,2.34E-05,4.52E-05,5.91E-05,5.58E-05,5.24E-05,4.62E-05,7.18E-05,1.94E-05,5.24E-05
12/20/2010,MSFT,5.79E-05,4.95E-05,8.65E-05,5.71E-05,7.17E-05,2.89E-05,4.28E-05,7.97E-05,5.11E-05,7.14E-05,5.80E-05,8.85E-05,3.57E-05,5.28E-05
12/21/2010,MSFT,5.51E-05,4.82E-05,4.88E-05,5.61E-05,6.46E-05,4.52E-05,1.95E-05,5.09E-05,4.27E-05,5.21E-05,4.72E-05,4.88E-05,3.67E-05,1.21E-05
12/22/2010,MSFT,0.000125739,0.000143311,0.000161663,0.000115428,0.000112091,7.61E-05,3.60E-05,0.00010272,8.80E-05,0.00019361,0.000104614,0.000140466,0.00011324,2.72E-05
12/23/2010,MSFT,6.73E-05,6.25E-05,0.000103839,6.58E-05,8.04E-05,6.26E-05,1.78E-05,2.76E-05,2.83E-05,0.000104241,3.11E-05,0.000105366,9.38E-05,1.16E-05
12/27/2010,MSFT,6.36E-05,5.42E-05,8.01E-05,5.09E-05,6.68E-05,2.84E-05,3.84E-05,9.07E-05,6.72E-05,9.61E-05,7.33E-05,8.58E-05,4.16E-05,4.42E-05
12/28/2010,MSFT,6.67E-05,5.76E-05,4.27E-05,6.21E-05,8.37E-05,5.51E-05,2.86E-05,3.82E-05,4.20E-05,1.39E-05,3.67E-05,4.00E-05,2.56E-05,1.44E-05
12/29/2010,MSFT,4.20E-05,4.42E-05,2.93E-05,4.23E-05,4.91E-05,2.67E-05,2.24E-05,4.35E-05,5.15E-05,3.04E-05,4.29E-05,4.38E-05,2.50E-05,1.87E-05
12/30/2010,MSFT,2.77E-05,3.40E-05,1.63E-05,2.71E-05,2.36E-05,9.85E-06,1.37E-05,1.72E-05,1.64E-05,1.22E-05,1.34E-05,1.50E-05,5.86E-06,9.13E-06
12/31/2010,MSFT,4.75E-05,5.72E-05,7.61E-05,5.87E-05,6.68E-05,3.01E-05,3.67E-05,2.53E-05,2.33E-05,5.93E-05,3.28E-05,7.00E-05,3.87E-05,3.13E-05
1/3/2011,MSFT,4.51E-05,3.79E-05,5.69E-05,4.54E-05,5.55E-05,2.76E-05,2.79E-05,6.83E-05,6.86E-05,5.22E-06,5.69E-05,6.14E-05,3.02E-05,3.13E-05
1/4/2011,MSFT,5.97E-05,6.04E-05,2.56E-05,5.28E-05,5.12E-05,2.75E-05,2.37E-05,4.15E-05,4.23E-05,2.23E-05,3.87E-05,3.66E-05,2.08E-05,1.58E-05
1/5/2011,MSFT,5.69E-05,6.09E-05,3.91E-05,6.09E-05,5.75E-05,2.84E-05,2.91E-05,3.64E-05,2.73E-05,2.81E-05,3.77E-05,5.23E-05,2.11E-05,3.12E-05
1/6/2011,MSFT,0.000130209,0.000127724,0.000118533,0.000124921,0.000131004,8.10E-05,5.00E-05,0.000105132,0.000109602,0.000169204,0.00010976,0.000106262,8.56E-05,2.07E-05
1/7/2011,MSFT,0.000113308,0.000126698,0.000145816,0.000138961,0.000141866,7.11E-05,7.08E-05,0.000122045,0.000138205,0.00013655,0.000142342,0.000139628,6.12E-05,7.84E-05
1/10/2011,MSFT,8.54E-05,9.12E-05,0.000144946,0.000101258,0.000117342,4.44E-05,7.29E-05,4.64E-05,2.52E-05,0.000131081,3.98E-05,0.000137163,3.40E-05,0.000103153
1/11/2011,MSFT,4.62E-05,4.52E-05,5.64E-05,4.84E-05,5.28E-05,2.17E-05,3.11E-05,3.61E-05,3.38E-05,5.11E-05,3.89E-05,4.54E-05,1.48E-05,3.06E-05
1/12/2011,MSFT,5.78E-05,5.64E-05,9.09E-05,6.35E-05,7.53E-05,5.17E-05,2.36E-05,7.48E-05,7.31E-05,6.11E-05,7.33E-05,9.29E-05,6.73E-05,2.56E-05
1/13/2011,MSFT,7.50E-05,7.47E-05,6.69E-05,8.01E-05,9.78E-05,3.34E-05,6.44E-05,7.97E-05,6.99E-05,0.000105749,6.66E-05,7.31E-05,2.70E-05,4.61E-05
1/14/2011,MSFT,7.80E-05,7.97E-05,8.01E-05,7.67E-05,7.83E-05,3.93E-05,3.90E-05,7.07E-05,8.15E-05,3.87E-05,7.50E-05,7.61E-05,3.62E-05,3.99E-05
1/18/2011,MSFT,0.000139815,8.81E-05,0.00019036,9.91E-05,0.000147116,0.000103497,4.36E-05,0.000124338,0.000140844,5.90E-05,0.00013736,0.000180881,0.000147372,3.35E-05
1/19/2011,MSFT,0.000106828,8.15E-05,0.000133259,9.75E-05,0.000118498,6.82E-05,5.03E-05,9.48E-05,9.22E-05,7.97E-05,0.000100451,0.000140872,8.57E-05,5.51E-05
1/20/2011,MSFT,0.000122459,0.000121599,8.83E-05,0.000121535,0.000134132,4.76E-05,8.66E-05,8.28E-05,7.16E-05,9.03E-05,6.87E-05,8.19E-05,3.25E-05,4.94E-05
1/21/2011,MSFT,6.67E-05,7.12E-05,0.000106267,7.25E-05,9.02E-05,3.51E-05,5.52E-05,5.56E-05,4.58E-05,8.04E-05,4.74E-05,9.62E-05,2.36E-05,7.26E-05
1/24/2011,MSFT,6.59E-05,6.64E-05,8.33E-05,6.75E-05,7.65E-05,5.20E-05,2.45E-05,6.55E-05,6.13E-05,8.41E-05,5.97E-05,7.47E-05,5.55E-05,1.92E-05
1/25/2011,MSFT,0.000121033,9.71E-05,9.21E-05,0.000119298,0.000170512,0.000111406,5.91E-05,0.000116177,9.65E-05,0.000111843,9.49E-05,0.000107709,7.47E-05,3.30E-05
1/26/2011,MSFT,0.000110335,8.85E-05,0.00010564,9.85E-05,0.000126147,7.56E-05,5.05E-05,9.17E-05,8.09E-05,0.000137853,0.000102253,0.000141369,8.33E-05,5.81E-05
1/27/2011,MSFT,0.000490704,0.000467267,0.000411164,0.000631182,0.000859314,0.000301061,0.000558253,0.000417046,0.000562765,0.000147534,0.000396253,0.000488842,0.000267461,0.000221381
1/28/2011,MSFT,0.000427053,0.000383047,0.000627413,0.000456907,0.000542522,0.000119459,0.000423063,0.000518784,0.000427285,0.000729586,0.000394274,0.000449204,7.44E-05,0.000374778
1/31/2011,MSFT,0.000179152,0.000198281,0.000179696,0.000197157,0.00020601,7.81E-05,0.000127914,0.000159855,0.000154266,0.000301646,0.000160749,0.000195968,7.55E-05,0.000120428
2/1/2011,MSFT,0.000154078,0.000170292,7.11E-05,0.000143558,0.000140085,7.58E-05,6.43E-05,7.59E-05,6.57E-05,9.48E-05,8.43E-05,0.000114844,6.58E-05,4.91E-05
2/2/2011,MSFT,7.71E-05,8.87E-05,3.98E-05,7.22E-05,6.99E-05,3.94E-05,3.05E-05,8.23E-05,8.70E-05,1.53E-05,8.45E-05,7.84E-05,4.76E-05,3.08E-05
2/3/2011,MSFT,0.000101863,7.92E-05,7.18E-05,9.46E-05,0.000120446,4.56E-05,7.48E-05,8.97E-05,0.000113958,6.56E-05,9.34E-05,8.37E-05,2.65E-05,5.71E-05
2/4/2011,MSFT,8.64E-05,8.74E-05,9.81E-05,8.79E-05,0.00010316,4.82E-05,5.49E-05,7.77E-05,6.92E-05,4.46E-05,8.31E-05,0.000104976,4.01E-05,6.49E-05
2/7/2011,MSFT,9.80E-05,8.52E-05,0.000127593,0.000101832,0.000121561,8.18E-05,3.98E-05,0.000146357,0.000152832,0.00017344,0.000126596,0.000127069,0.000101477,2.56E-05
2/8/2011,MSFT,6.32E-05,6.83E-05,6.46E-05,6.65E-05,6.24E-05,4.13E-05,2.12E-05,4.59E-05,4.53E-05,7.19E-05,4.70E-05,6.11E-05,4.46E-05,1.65E-05
2/9/2011,MSFT,8.46E-05,9.66E-05,-3.57E-06,8.90E-05,8.52E-05,3.70E-05,4.81E-05,4.99E-05,5.83E-05,2.07E-05,5.38E-05,4.57E-05,1.63E-05,2.95E-05
2/10/2011,MSFT,8.58E-05,9.54E-05,0.000251326,0.000115998,0.0002468,4.79E-05,0.000198949,0.000209708,0.000182996,0.000456659,0.000176066,0.000256439,3.32E-05,0.000223223
2/11/2011,MSFT,0.000104113,0.000100192,0.000264366,0.000122773,0.000160971,3.09E-05,0.000130045,0.000176968,0.000173641,0.000396778,0.000207955,0.000212504,4.80E-05,0.000164464
2/14/2011,MSFT,0.000125751,0.000118929,0.000124718,0.000117035,0.000119852,5.15E-05,6.84E-05,5.10E-05,5.23E-05,0.000110211,6.31E-05,0.000105435,3.78E-05,6.77E-05
2/15/2011,MSFT,8.36E-05,7.66E-05,8.42E-05,8.52E-05,8.55E-05,4.00E-05,4.55E-05,0.000101845,8.17E-05,0.000118525,0.000105851,0.000111496,4.82E-05,6.32E-05
2/16/2011,MSFT,0.000116577,0.000100498,0.000150995,0.000116106,0.000141684,6.41E-05,7.76E-05,0.00014155,0.000148783,0.000173387,0.000157145,0.000168951,6.83E-05,0.000100638
2/17/2011,MSFT,0.000103305,9.53E-05,7.67E-05,0.000102104,0.000140187,9.65E-05,4.37E-05,7.26E-05,6.16E-05,6.70E-05,6.33E-05,0.000102096,6.39E-05,3.82E-05
2/18/2011,MSFT,4.13E-05,4.39E-05,4.54E-05,4.62E-05,5.65E-05,2.65E-05,3.01E-05,3.45E-05,3.43E-05,4.73E-05,3.07E-05,3.53E-05,1.57E-05,1.96E-05
2/22/2011,MSFT,0.00017416,0.000160337,0.000122983,0.000156703,0.000174323,9.55E-05,7.88E-05,0.000127834,0.000140861,0.000176037,0.000134587,0.000128989,5.82E-05,7.07E-05
2/23/2011,MSFT,0.000279679,0.000307717,0.000281268,0.00027655,0.000260013,0.000140882,0.000119131,0.000381451,0.000363106,0.000133968,0.000287334,0.00031402,0.000180364,0.000133656
2/24/2011,MSFT,0.000264474,0.000287587,0.000225324,0.000238464,0.000208177,0.000110654,9.75E-05,0.00028266,0.000305865,0.000257006,0.000255693,0.000231858,0.00014655,8.53E-05
2/25/2011,MSFT,8.20E-05,5.75E-05,6.29E-05,6.73E-05,0.000105563,3.06E-05,7.50E-05,6.44E-05,6.93E-05,4.65E-05,6.07E-05,6.57E-05,1.98E-05,4.59E-05
2/28/2011,MSFT,8.67E-05,6.60E-05,6.22E-05,6.89E-05,8.62E-05,4.78E-05,3.84E-05,6.55E-05,6.65E-05,3.50E-05,5.76E-05,5.49E-05,2.78E-05,2.71E-05
3/1/2011,MSFT,8.20E-05,7.43E-05,6.75E-05,7.74E-05,8.70E-05,3.00E-05,5.70E-05,0.000115891,0.000122361,8.50E-05,0.000101847,9.30E-05,3.05E-05,6.25E-05
3/2/2011,MSFT,9.53E-05,7.86E-05,9.40E-05,8.78E-05,9.77E-05,4.96E-05,4.81E-05,8.79E-05,0.000106703,8.09E-05,0.000101483,0.00010024,4.96E-05,5.06E-05
3/3/2011,MSFT,3.17E-05,3.47E-05,3.16E-05,3.23E-05,3.18E-05,1.68E-05,1.50E-05,1.78E-05,1.59E-05,2.74E-05,2.23E-05,4.01E-05,2.17E-05,1.83E-05
3/4/2011,MSFT,9.26E-05,8.45E-05,0.000103641,9.10E-05,0.000109329,4.60E-05,6.33E-05,0.000120062,9.82E-05,0.00014469,9.82E-05,0.000105806,3.72E-05,6.86E-05
3/7/2011,MSFT,0.000121973,0.000119084,0.000163549,0.000130311,0.00014596,5.82E-05,8.78E-05,0.000161326,0.000140748,0.000152282,0.000136142,0.000170718,5.65E-05,0.000114261
3/8/2011,MSFT,9.15E-05,8.37E-05,0.000105887,9.24E-05,0.000105019,5.71E-05,4.79E-05,8.27E-05,6.95E-05,6.33E-05,8.28E-05,0.00011109,5.97E-05,5.14E-05
3/9/2011,MSFT,0.000112727,0.000105857,0.000152842,0.000113033,0.00011391,6.09E-05,5.30E-05,0.000139834,0.000128426,0.00010085,0.000135394,0.000148693,7.71E-05,7.16E-05
3/10/2011,MSFT,0.000187906,0.00020661,0.00015148,0.000175356,0.000155076,6.53E-05,8.97E-05,0.000184335,0.000232676,8.15E-05,0.000200524,0.000178341,6.90E-05,0.000109316
3/11/2011,MSFT,8.19E-05,8.81E-05,0.000124888,0.000112517,0.000164783,9.56E-05,6.92E-05,0.000130043,0.000133439,0.00012259,0.000122588,0.000141272,7.89E-05,6.24E-05
3/14/2011,MSFT,0.000124815,0.000135698,8.11E-05,0.000125024,0.000112039,6.18E-05,5.02E-05,0.000117728,0.000125205,1.58E-05,0.000107626,9.57E-05,5.74E-05,3.83E-05
3/15/2011,MSFT,0.000264171,0.00025681,0.00020541,0.000249935,0.000272827,0.000169285,0.000103542,0.000278576,0.000222454,8.15E-05,0.000249333,0.000321376,0.000219752,0.000101623
3/16/2011,MSFT,0.000246638,0.000274394,0.000253842,0.000262343,0.000247237,8.70E-05,0.000160279,0.000251208,0.000251425,0.000340125,0.000224313,0.000251845,8.36E-05,0.000168292
3/17/2011,MSFT,0.000161613,0.000146074,0.000118244,0.000166985,0.000188717,8.39E-05,0.000104831,0.000168721,0.000168315,0.000149455,0.000149511,0.000152881,5.97E-05,9.31E-05
3/18/2011,MSFT,9.04E-05,9.13E-05,0.000106355,9.62E-05,0.000102343,3.95E-05,6.28E-05,9.42E-05,9.46E-05,0.000111568,9.21E-05,0.000106968,4.37E-05,6.33E-05
3/21/2011,MSFT,0.000125782,0.000134159,0.000164607,0.000140074,0.000130704,8.08E-05,5.00E-05,0.00012576,0.000140867,0.00022454,0.000138702,0.000147501,0.000100692,4.68E-05
3/22/2011,MSFT,6.68E-05,5.97E-05,5.65E-05,6.60E-05,8.09E-05,4.38E-05,3.71E-05,5.80E-05,5.61E-05,3.30E-05,5.41E-05,5.83E-05,2.74E-05,3.09E-05
3/23/2011,MSFT,0.000113204,0.000127984,0.000106719,0.000122185,0.000111362,7.09E-05,4.05E-05,0.000113161,0.000109924,0.000116588,0.000104798,9.53E-05,6.97E-05,2.56E-05
3/24/2011,MSFT,7.60E-05,7.21E-05,8.56E-05,7.39E-05,8.58E-05,4.53E-05,4.05E-05,8.78E-05,8.43E-05,3.93E-05,7.57E-05,7.08E-05,4.36E-05,2.72E-05
3/25/2011,MSFT,0.000110308,0.000110144,8.70E-05,7.87E-05,8.26E-05,1.80E-05,6.46E-05,4.18E-05,4.30E-05,6.06E-05,4.97E-05,0.000105865,1.00E-05,9.58E-05
3/28/2011,MSFT,3.02E-05,3.29E-05,3.80E-05,3.46E-05,3.60E-05,1.08E-05,2.52E-05,2.60E-05,2.23E-05,3.89E-05,2.69E-05,3.14E-05,6.95E-06,2.45E-05
3/29/2011,MSFT,4.67E-05,4.31E-05,4.57E-05,4.45E-05,5.04E-05,2.79E-05,2.25E-05,4.44E-05,4.63E-05,2.98E-05,4.83E-05,5.26E-05,3.21E-05,2.05E-05
3/30/2011,MSFT,6.48E-05,4.41E-05,4.83E-05,5.04E-05,6.20E-05,3.27E-05,2.92E-05,6.16E-05,7.38E-05,2.01E-05,7.00E-05,5.70E-05,2.91E-05,2.80E-05
3/31/2011,MSFT,7.44E-05,7.18E-05,7.80E-05,6.60E-05,9.20E-05,3.10E-05,6.10E-05,5.67E-05,4.99E-05,6.00E-05,5.16E-05,7.55E-05,2.80E-05,4.75E-05
4/1/2011,MSFT,4.71E-05,4.76E-05,8.34E-05,5.09E-05,9.24E-05,2.99E-05,6.24E-05,8.19E-05,8.84E-05,0.000100246,7.78E-05,9.45E-05,4.04E-05,5.42E-05
4/4/2011,MSFT,4.00E-05,4.23E-05,5.92E-05,3.84E-05,4.48E-05,2.56E-05,1.92E-05,5.72E-05,4.89E-05,4.78E-05,5.12E-05,5.85E-05,3.18E-05,2.67E-05
4/5/2011,MSFT,0.000114808,0.000107774,0.000176692,0.000101575,0.000156526,0.000104662,5.19E-05,0.000157602,0.000135195,8.17E-05,0.00014885,0.000195292,0.000124141,7.12E-05
4/6/2011,MSFT,0.00013852,0.000159484,0.00014381,0.000135303,0.000126873,7.52E-05,5.17E-05,0.000103146,8.43E-05,8.79E-05,8.88E-05,0.000122256,8.16E-05,4.06E-05
4/7/2011,MSFT,0.000138911,0.000150421,0.000113037,0.000128259,0.000136828,6.66E-05,7.03E-05,7.92E-05,7.68E-05,9.86E-05,8.38E-05,9.63E-05,4.61E-05,5.02E-05
4/8/2011,MSFT,8.24E-05,8.41E-05,7.26E-05,8.17E-05,7.97E-05,3.13E-05,4.83E-05,3.69E-05,4.26E-05,5.43E-05,4.88E-05,6.46E-05,1.94E-05,4.52E-05
4/11/2011,MSFT,9.01E-05,8.62E-05,7.82E-05,8.85E-05,8.63E-05,3.71E-05,4.92E-05,0.000105387,0.000123656,0.000107286,0.000105177,8.83E-05,3.98E-05,4.85E-05
4/12/2011,MSFT,6.20E-05,6.79E-05,6.22E-05,6.22E-05,6.34E-05,2.20E-05,4.14E-05,6.15E-05,5.08E-05,4.56E-05,5.51E-05,6.60E-05,2.06E-05,4.55E-05
4/13/2011,MSFT,9.70E-05,9.00E-05,0.000140307,0.000100674,0.000124607,6.33E-05,6.13E-05,0.000113559,9.55E-05,0.00010269,9.65E-05,0.000111044,4.89E-05,6.21E-05
4/14/2011,MSFT,0.000114098,8.57E-05,0.000116915,9.57E-05,0.000115366,4.43E-05,7.10E-05,0.000153572,0.000156736,0.0002062,0.000127007,0.000123598,5.17E-05,7.19E-05
4/15/2011,MSFT,9.48E-05,9.08E-05,8.57E-05,9.66E-05,0.000106162,3.54E-05,7.07E-05,8.57E-05,8.16E-05,7.38E-05,7.41E-05,7.97E-05,3.03E-05,4.94E-05
4/18/2011,MSFT,0.000198367,0.000190468,0.000283051,0.000194575,0.000210833,9.05E-05,0.000120336,0.000276351,0.000322918,0.000239268,0.000288185,0.00028201,0.000109874,0.000172136
4/19/2011,MSFT,7.60E-05,7.63E-05,3.42E-05,7.04E-05,6.80E-05,4.07E-05,2.73E-05,4.17E-05,4.70E-05,3.93E-05,4.87E-05,5.29E-05,2.97E-05,2.32E-05
4/20/2011,MSFT,0.000230784,0.000226173,0.000143731,0.000184053,0.000235083,0.000146008,8.91E-05,0.000222466,0.000209671,0.000108533,0.000179017,0.000206713,0.000126446,8.03E-05
4/21/2011,MSFT,9.24E-05,7.90E-05,8.95E-05,8.48E-05,0.00010604,2.99E-05,7.61E-05,6.53E-05,6.74E-05,8.42E-05,7.13E-05,7.83E-05,2.57E-05,5.26E-05
4/25/2011,MSFT,3.29E-05,3.07E-05,5.27E-05,3.40E-05,4.04E-05,2.15E-05,1.89E-05,3.84E-05,3.55E-05,7.32E-05,4.06E-05,4.92E-05,2.44E-05,2.48E-05
4/26/2011,MSFT,0.000144852,0.000117359,0.000124047,0.000114843,0.000134176,8.51E-05,4.91E-05,0.000115226,8.70E-05,0.00015195,9.90E-05,0.000111483,7.50E-05,3.65E-05
4/27/2011,MSFT,8.35E-05,8.75E-05,5.73E-05,8.28E-05,8.80E-05,4.94E-05,3.86E-05,9.85E-05,9.49E-05,2.91E-06,9.54E-05,0.000106141,5.02E-05,5.59E-05
4/28/2011,MSFT,0.000115427,0.000110786,0.000117778,0.000116207,0.000120776,6.33E-05,5.74E-05,0.000104606,9.54E-05,9.68E-05,8.63E-05,9.26E-05,5.30E-05,3.95E-05
4/29/2011,MSFT,0.000430491,0.000412848,0.000753404,0.000431197,0.000513992,0.000206755,0.000307237,0.000439348,0.000351634,0.000956067,0.000408299,0.000701286,0.00027553,0.000425757
5/2/2011,MSFT,0.000107814,8.69E-05,0.00018114,9.83E-05,0.00014706,5.03E-05,9.67E-05,0.000174947,0.000180923,0.000229745,0.000177634,0.000185975,7.55E-05,0.00011043
5/3/2011,MSFT,9.42E-05,9.56E-05,4.69E-05,8.90E-05,8.69E-05,5.72E-05,2.97E-05,4.23E-05,3.52E-05,5.81E-05,3.50E-05,6.69E-05,5.19E-05,1.50E-05
5/4/2011,MSFT,0.000105403,0.000110328,9.63E-05,9.85E-05,9.91E-05,6.10E-05,3.81E-05,7.75E-05,8.17E-05,8.35E-05,9.07E-05,0.000101508,6.26E-05,3.89E-05
5/5/2011,MSFT,0.000154178,0.000150989,0.000113984,0.00014129,0.000140306,5.84E-05,8.19E-05,0.000140776,0.000150777,0.000135988,0.000126713,0.000112536,3.52E-05,7.74E-05
5/6/2011,MSFT,0.000138423,0.000107859,0.000163711,0.000110753,0.000137904,5.88E-05,7.91E-05,0.000112576,9.95E-05,0.000121227,0.000108401,0.000155907,4.70E-05,0.000108922
5/9/2011,MSFT,7.10E-05,6.36E-05,8.48E-05,8.03E-05,9.83E-05,5.26E-05,4.57E-05,8.95E-05,8.06E-05,5.94E-05,8.80E-05,0.000100734,5.93E-05,4.14E-05
5/10/2011,MSFT,0.000212119,0.000214817,0.000183285,0.000215313,0.000202356,0.000131156,7.12E-05,0.000142828,0.000121714,0.000265885,0.00013926,0.000226446,0.000176151,5.03E-05
5/11/2011,MSFT,8.26E-05,7.71E-05,7.08E-05,7.50E-05,0.000100268,3.26E-05,6.77E-05,7.10E-05,5.87E-05,6.24E-05,7.17E-05,8.53E-05,2.45E-05,6.08E-05
5/12/2011,MSFT,7.21E-05,8.05E-05,6.29E-05,8.72E-05,9.04E-05,5.14E-05,3.90E-05,7.97E-05,7.82E-05,7.14E-05,7.10E-05,7.70E-05,3.51E-05,4.19E-05
5/13/2011,MSFT,7.74E-05,6.81E-05,7.06E-05,6.24E-05,6.51E-05,2.10E-05,4.41E-05,6.21E-05,7.40E-05,8.48E-05,6.08E-05,5.30E-05,1.60E-05,3.70E-05
5/16/2011,MSFT,9.87E-05,9.63E-05,0.000105569,9.64E-05,0.000102931,3.98E-05,6.32E-05,0.000107517,0.000130373,0.000105754,0.000116552,0.000108861,3.61E-05,7.28E-05
5/17/2011,MSFT,9.69E-05,8.79E-05,9.50E-05,9.45E-05,0.000108392,5.37E-05,5.46E-05,8.48E-05,0.000100678,0.000121658,0.000101013,0.000111483,6.31E-05,4.84E-05
5/18/2011,MSFT,0.000143561,0.000149163,0.000165245,0.000135555,0.000144053,5.52E-05,8.89E-05,0.000102395,9.98E-05,0.00019885,0.000100178,0.000188783,6.88E-05,0.000119969
5/19/2011,MSFT,6.77E-05,7.24E-05,0.000102432,7.33E-05,8.13E-05,3.75E-05,4.37E-05,7.80E-05,8.46E-05,0.000120746,8.69E-05,9.85E-05,3.68E-05,6.17E-05
5/20/2011,MSFT,0.000107151,0.000115619,0.000111797,0.000105059,9.41E-05,4.44E-05,4.97E-05,7.79E-05,7.98E-05,0.000116427,8.77E-05,9.72E-05,4.55E-05,5.16E-05
5/23/2011,MSFT,0.00016469,0.000183058,-3.13E-06,0.000145883,0.000132823,6.51E-05,6.78E-05,6.05E-05,5.80E-05,2.64E-05,5.76E-05,5.15E-05,2.63E-05,2.52E-05
5/24/2011,MSFT,5.84E-05,5.81E-05,7.82E-05,6.10E-05,7.27E-05,2.90E-05,4.38E-05,0.000102772,0.000110755,0.000116156,8.93E-05,8.33E-05,3.51E-05,4.82E-05
5/25/2011,MSFT,5.04E-05,5.60E-05,3.67E-05,5.31E-05,5.64E-05,3.46E-05,2.18E-05,5.75E-05,6.04E-05,5.70E-05,5.77E-05,5.71E-05,3.33E-05,2.38E-05
5/26/2011,MSFT,0.000184572,0.000214185,0.000163142,0.000217205,0.000210585,0.000138702,7.19E-05,0.000110351,0.000111995,0.00020126,0.000134192,0.000211573,0.000156156,5.54E-05
5/27/2011,MSFT,0.000146088,0.000143815,6.63E-06,0.000141147,0.000151509,6.79E-05,8.36E-05,0.000134118,0.000130523,1.76E-06,0.000102104,0.00010773,5.55E-05,5.22E-05
5/31/2011,MSFT,6.77E-05,7.25E-05,9.42E-05,8.23E-05,9.13E-05,3.41E-05,5.72E-05,4.09E-05,4.12E-05,7.61E-05,4.84E-05,6.32E-05,2.93E-05,3.39E-05
6/1/2011,MSFT,0.000131907,0.000133558,0.000183568,0.000152997,0.000180776,6.21E-05,0.00011863,0.000168284,0.000146198,0.000169372,0.000147009,0.000173862,4.95E-05,0.000124407
6/2/2011,MSFT,0.000110645,0.000116733,7.94E-05,0.000100845,9.32E-05,4.08E-05,5.24E-05,5.28E-05,6.17E-05,4.42E-05,5.59E-05,5.29E-05,1.47E-05,3.82E-05
6/3/2011,MSFT,5.99E-05,5.76E-05,5.67E-05,5.68E-05,6.57E-05,3.33E-05,3.23E-05,5.61E-05,6.73E-05,2.93E-05,6.53E-05,6.25E-05,2.66E-05,3.59E-05
6/6/2011,MSFT,0.0001113,0.000131311,0.000104352,0.000141979,0.000150589,9.24E-05,5.82E-05,0.000118954,0.000108268,0.000117017,0.000111868,0.000153898,8.08E-05,7.31E-05
6/7/2011,MSFT,0.000109484,0.000104419,0.000106407,0.00011263,0.000114261,5.15E-05,6.28E-05,7.63E-05,8.49E-05,7.62E-05,8.62E-05,9.74E-05,5.80E-05,3.94E-05
6/8/2011,MSFT,5.08E-05,5.51E-05,6.52E-05,5.94E-05,6.04E-05,3.24E-05,2.80E-05,6.45E-05,5.54E-05,3.03E-05,5.97E-05,7.13E-05,3.59E-05,3.54E-05
6/9/2011,MSFT,4.88E-05,4.58E-05,6.73E-05,5.28E-05,7.45E-05,3.17E-05,4.28E-05,6.71E-05,7.57E-05,6.22E-05,6.80E-05,7.98E-05,3.05E-05,4.93E-05
6/10/2011,MSFT,0.00017894,0.000191432,5.08E-05,0.000165235,0.000145144,5.74E-05,8.77E-05,0.000107125,0.0001161,8.64E-05,0.000111132,0.000125346,3.57E-05,8.97E-05
6/13/2011,MSFT,9.60E-05,0.000104759,0.000116814,0.000103217,9.72E-05,5.79E-05,3.94E-05,0.000120686,0.000118889,0.000103717,0.000116897,0.000108671,7.18E-05,3.69E-05
6/14/2011,MSFT,6.21E-05,6.31E-05,4.59E-05,6.00E-05,6.24E-05,2.89E-05,3.35E-05,3.90E-05,3.83E-05,6.12E-05,4.32E-05,5.30E-05,2.55E-05,2.74E-05
6/15/2011,MSFT,8.14E-05,5.70E-05,0.000100801,7.00E-05,9.68E-05,3.78E-05,5.91E-05,0.000112603,0.000113746,5.23E-05,0.000113403,0.000103082,3.39E-05,6.92E-05
6/16/2011,MSFT,0.000102893,0.000106583,9.40E-05,9.99E-05,0.000105139,5.52E-05,4.99E-05,9.98E-05,8.97E-05,9.11E-05,8.26E-05,8.52E-05,5.61E-05,2.91E-05
6/17/2011,MSFT,0.000137319,0.000135082,0.000114581,0.000130852,0.000127909,6.57E-05,6.22E-05,0.000150874,0.000142192,0.000137479,0.000126796,0.000122299,5.91E-05,6.32E-05
6/20/2011,MSFT,8.18E-05,7.18E-05,8.10E-05,8.04E-05,9.65E-05,6.59E-05,3.06E-05,9.26E-05,9.69E-05,0.000122147,8.69E-05,9.65E-05,6.67E-05,2.98E-05
6/21/2011,MSFT,6.54E-05,6.83E-05,8.66E-05,7.00E-05,8.44E-05,5.46E-05,2.97E-05,7.98E-05,6.73E-05,9.08E-05,7.17E-05,8.89E-05,6.48E-05,2.41E-05
6/22/2011,MSFT,5.10E-05,4.83E-05,6.58E-05,5.45E-05,6.27E-05,3.58E-05,2.70E-05,4.21E-05,4.24E-05,3.96E-05,4.39E-05,6.02E-05,3.96E-05,2.06E-05
6/23/2011,MSFT,0.000144286,0.00017095,0.000151928,0.000171243,0.000196781,0.000131123,6.57E-05,0.000113149,9.91E-05,0.000220487,0.000115337,0.000187137,0.000133638,5.35E-05
6/24/2011,MSFT,8.03E-05,9.28E-05,4.68E-05,9.06E-05,0.000100129,3.68E-05,6.33E-05,6.99E-05,7.21E-05,6.03E-05,6.31E-05,6.22E-05,2.16E-05,4.06E-05
6/27/2011,MSFT,0.000173531,0.000151495,0.000305163,0.000168543,0.000208265,0.000161282,4.70E-05,0.000276914,0.000245267,0.00052421,0.000256523,0.000283927,0.000238164,4.58E-05
6/28/2011,MSFT,9.43E-05,0.000108961,0.000231538,0.000115207,0.000274913,0.000235855,3.91E-05,3.01E-05,2.94E-05,0.000217499,4.97E-05,0.000225747,0.000198284,2.75E-05
6/29/2011,MSFT,0.000105684,9.29E-05,0.000133321,0.000102578,0.000151193,5.42E-05,9.70E-05,0.000167878,0.000155276,0.000194499,0.000143735,0.000156253,5.59E-05,0.000100401
6/30/2011,MSFT,7.84E-05,6.16E-05,7.51E-05,7.52E-05,8.69E-05,5.56E-05,3.12E-05,7.77E-05,9.67E-05,5.99E-05,7.70E-05,7.27E-05,4.25E-05,3.03E-05
7/1/2011,MSFT,8.14E-05,8.13E-05,4.86E-05,7.80E-05,7.47E-05,4.54E-05,2.93E-05,5.84E-05,3.11E-05,6.38E-05,4.57E-05,7.28E-05,4.38E-05,2.90E-05
7/5/2011,MSFT,8.06E-05,7.70E-05,7.06E-05,8.61E-05,0.000103736,3.80E-05,6.58E-05,6.59E-05,6.38E-05,7.25E-05,5.44E-05,5.33E-05,2.38E-05,2.96E-05
7/6/2011,MSFT,9.44E-05,9.49E-05,0.000171808,0.000105675,0.000166945,0.000121774,4.52E-05,0.000143058,0.000146349,0.000219497,0.000159264,0.000191336,0.000129724,6.16E-05
7/7/2011,MSFT,0.000167436,0.000171436,8.32E-05,0.000139095,0.000137205,7.55E-05,6.17E-05,8.26E-05,7.28E-05,5.67E-05,7.49E-05,7.73E-05,5.35E-05,2.38E-05
7/8/2011,MSFT,0.000130383,0.000141194,0.000291206,0.000175893,0.000365499,0.000301971,6.35E-05,0.000100028,0.000106878,0.000316964,0.000100012,0.000284838,0.000240511,4.43E-05
7/11/2011,MSFT,0.000100826,0.000106513,8.40E-05,0.000123579,0.000140892,6.96E-05,7.13E-05,0.000104811,0.000102391,3.16E-05,0.000110513,0.000123017,6.36E-05,5.94E-05
7/12/2011,MSFT,0.000174364,0.000188131,0.000142204,0.000196457,0.000171363,9.06E-05,8.07E-05,0.000113029,0.000135011,9.59E-05,0.000120745,0.000108916,5.14E-05,5.75E-05
7/13/2011,MSFT,9.85E-05,0.000106953,0.000109982,0.000109152,0.000116029,6.57E-05,5.03E-05,9.47E-05,9.36E-05,8.63E-05,8.91E-05,0.000107485,5.95E-05,4.80E-05
7/14/2011,MSFT,0.000175197,0.000191036,0.000237636,0.0002058,0.000227307,0.000130298,9.70E-05,0.000180099,0.000146312,0.000227357,0.000151443,0.000249444,0.000144882,0.000104562
7/15/2011,MSFT,0.000163654,0.000176905,0.000146737,0.00019924,0.000236531,0.000163052,7.35E-05,0.000230387,0.000201501,9.52E-05,0.000184934,0.000205682,0.000122813,8.29E-05
7/18/2011,MSFT,0.000175921,0.000127935,0.00025551,0.000156349,0.000212194,0.000120764,9.14E-05,0.000281431,0.000338661,0.000255334,0.000251855,0.00020319,8.99E-05,0.000113325
7/19/2011,MSFT,0.000146835,0.000137894,0.000150883,0.000136078,0.000181858,0.000131457,5.04E-05,0.000144768,0.00014627,0.000155501,0.000137435,0.000141579,0.000111365,3.02E-05
7/20/2011,MSFT,6.84E-05,7.19E-05,9.12E-05,7.38E-05,0.000101594,3.43E-05,6.73E-05,9.75E-05,7.50E-05,9.13E-05,7.54E-05,9.29E-05,3.32E-05,5.98E-05
7/21/2011,MSFT,0.000380221,0.000375844,0.000510136,0.000338504,0.000354203,0.000191144,0.000163059,0.000783478,0.000697511,2.88E-05,0.000569335,0.000589168,0.000340377,0.000248791
7/22/2011,MSFT,0.000278348,0.000300159,0.000433154,0.000306549,0.000302767,0.000226774,7.60E-05,0.000131201,0.000138088,0.000408182,0.000164054,0.000264256,0.000203476,6.08E-05
7/25/2011,MSFT,0.000162142,0.000164767,0.000164018,0.000168747,0.000178587,0.000120931,5.77E-05,0.000182945,0.000183205,0.00019388,0.000170405,0.000203248,0.000163996,3.93E-05
7/26/2011,MSFT,0.000114387,0.000138192,1.91E-05,0.000120228,0.000108909,7.26E-05,3.63E-05,6.48E-05,5.71E-05,2.57E-05,5.39E-05,5.75E-05,3.54E-05,2.20E-05
7/27/2011,MSFT,0.000177434,0.000160983,0.000148038,0.000150364,0.000155097,5.61E-05,9.90E-05,0.000170943,0.000172837,0.00019487,0.000155024,0.000152467,4.96E-05,0.00010285
7/28/2011,MSFT,0.000219068,0.000244097,0.000246901,0.000234883,0.000234653,0.000145945,8.87E-05,0.000165281,0.000137211,0.000223758,0.000138898,0.000180255,0.000128807,5.14E-05
7/29/2011,MSFT,0.000232977,0.00027004,7.08E-05,0.000246108,0.000235181,0.000125475,0.000109706,0.000110766,0.000111693,0.000162134,0.000117588,0.000110836,5.66E-05,5.42E-05
8/1/2011,MSFT,0.000267241,0.00028496,0.000239238,0.000315377,0.000340101,0.000118489,0.000221612,0.00034156,0.000314424,0.000296682,0.000289088,0.000262327,9.94E-05,0.000162938
8/2/2011,MSFT,0.000225173,0.000182732,0.000295632,0.000182695,0.000259933,0.000138342,0.000121591,0.000269142,0.0002824,0.000402369,0.00027281,0.000278292,0.000131749,0.000146542
8/3/2011,MSFT,0.000234906,0.000229785,0.000269388,0.000251339,0.000310482,0.00013342,0.000177062,0.000289081,0.000178907,0.000400431,0.000214921,0.000284208,0.000149608,0.0001346
8/4/2011,MSFT,0.000380342,0.000340697,0.000330196,0.000368699,0.000395189,0.000137249,0.00025794,0.000434684,0.000488908,0.000301385,0.000465507,0.00049015,0.000133521,0.000356629
8/11/2011,MSFT,0.000706288,0.000650663,0.000724248,0.000647914,0.000664567,0.000395682,0.000268885,0.000808064,0.000796555,0.000489152,0.00067956,0.00066988,0.000362053,0.000307826
8/12/2011,MSFT,0.000254129,0.000264934,0.000222503,0.000251026,0.00026909,0.000101673,0.000167417,0.000191038,0.000171135,0.000278908,0.000200932,0.000305614,0.000107967,0.000197647
8/15/2011,MSFT,0.000106098,0.000107258,0.000202208,0.000122656,0.000200211,0.00013916,6.11E-05,0.000124011,0.000121057,0.000184353,0.00013082,0.000212584,0.000164942,4.76E-05
8/16/2011,MSFT,0.000214731,0.000216885,0.000147087,0.000221059,0.000222988,0.00013055,9.24E-05,0.000174901,0.000188264,0.000187269,0.000207181,0.000209354,0.000116401,9.30E-05
8/17/2011,MSFT,0.000229467,0.000239909,0.000391392,0.000271092,0.000335002,0.000206069,0.000128933,0.000269107,0.000177229,0.000350837,0.000216822,0.000360386,0.000221927,0.00013846
8/18/2011,MSFT,0.000611467,0.000499404,0.001220797,0.00058752,0.000869905,0.000392646,0.000477259,0.001168375,0.001088298,0.000744864,0.000909324,0.000876379,0.000456369,0.00042001
8/19/2011,MSFT,0.000405184,0.000412312,0.00038475,0.000395263,0.000398257,0.000193711,0.000204546,0.000402941,0.000448591,0.000155475,0.000397971,0.00040118,0.000156769,0.000244411
8/22/2011,MSFT,0.000194748,0.000168951,0.00027811,0.000187261,0.000230152,8.22E-05,0.000147973,0.000253441,0.000252404,0.000357439,0.000256679,0.000255856,9.97E-05,0.000156176
8/23/2011,MSFT,0.000317526,0.000315644,0.000280113,0.000303003,0.000308867,0.000204081,0.000104786,0.000305064,0.000314965,0.000359256,0.000293248,0.000310481,0.000219994,9.05E-05
8/24/2011,MSFT,0.000216671,0.00018924,0.000163393,0.00019915,0.000226584,0.000138604,8.80E-05,0.000199319,0.000160746,0.000143313,0.000173876,0.00017426,0.000112018,6.22E-05
8/25/2011,MSFT,0.000225363,0.0001843,0.000153946,0.000189523,0.00020934,8.61E-05,0.000123282,0.000259442,0.000320415,0.000176968,0.000252188,0.000196872,6.22E-05,0.000134722
8/26/2011,MSFT,0.000466272,0.000473358,0.000405868,0.000404843,0.000385759,0.000279653,0.000106107,0.000403474,0.000338702,0.000190152,0.000382598,0.000398997,0.000308736,9.03E-05
8/29/2011,MSFT,6.36E-05,6.70E-05,6.74E-05,7.14E-05,7.90E-05,4.70E-05,3.21E-05,7.62E-05,8.23E-05,7.80E-05,8.09E-05,7.71E-05,4.82E-05,2.89E-05
8/30/2011,MSFT,0.000194742,0.000181475,0.000395795,0.000211831,0.000319772,0.000210934,0.000108838,0.000183714,0.000222116,0.000286812,0.000203681,0.000333961,0.000239394,9.46E-05
8/31/2011,MSFT,0.000132429,0.000147611,0.000144821,0.000142951,0.00014681,9.53E-05,5.15E-05,0.000110886,0.000109269,8.98E-05,0.000108629,0.000148612,0.000102238,4.64E-05
9/1/2011,MSFT,0.000111848,0.000112446,0.000156203,0.000133815,0.000186206,0.000104586,8.16E-05,9.63E-05,8.12E-05,9.51E-05,0.000100818,0.000166508,9.97E-05,6.68E-05
9/2/2011,MSFT,0.000148756,0.000173119,7.32E-05,0.000155245,0.000186518,9.93E-05,8.72E-05,5.11E-05,3.80E-05,0.000107457,4.34E-05,0.000103472,7.14E-05,3.21E-05
9/6/2011,MSFT,0.00015207,0.000156973,0.000175914,0.000159496,0.000178114,0.000124862,5.33E-05,0.000129113,0.000117208,0.000136578,0.000121033,0.000146924,0.000104735,4.22E-05
9/7/2011,MSFT,0.000102612,0.000105625,7.26E-05,0.000106719,0.00012837,8.32E-05,4.52E-05,0.000137559,0.000148869,0.000119876,0.000123842,0.000107808,7.23E-05,3.55E-05
9/8/2011,MSFT,0.000248297,0.000275454,0.000298462,0.000263007,0.000268536,0.000178512,9.00E-05,0.000131863,8.65E-05,0.000348036,0.000124274,0.000283271,0.00021601,6.73E-05
9/9/2011,MSFT,0.000415358,0.000415278,0.000193874,0.000390503,0.000398232,0.000165316,0.000232916,0.000245195,0.000197151,0.000197785,0.000204839,0.00023204,8.88E-05,0.00014322
9/12/2011,MSFT,0.000254241,0.000236992,0.000303507,0.000282271,0.00039821,0.000283634,0.000114576,0.000248387,0.000308151,0.000356496,0.000280193,0.000293054,0.000210627,8.24E-05
9/13/2011,MSFT,0.000123089,0.000140087,0.000107816,0.000131231,0.000148839,6.91E-05,7.97E-05,0.000129932,0.000110168,7.30E-05,0.000105228,0.000109158,5.68E-05,5.24E-05
9/14/2011,MSFT,0.000271954,0.000272354,0.000238889,0.000248966,0.00023063,0.000126066,0.000104564,0.000271463,0.000279801,0.000331424,0.000275938,0.000284908,0.000166254,0.000118654
9/15/2011,MSFT,0.000363736,0.000368469,0.000431724,0.000346438,0.000344405,0.000177862,0.000166543,0.000475393,0.000494806,0.000221288,0.000404216,0.000416524,0.000187681,0.000228842
9/16/2011,MSFT,8.39E-05,7.17E-05,5.55E-05,8.13E-05,0.000100016,4.37E-05,5.63E-05,6.54E-05,7.21E-05,3.22E-05,6.71E-05,6.65E-05,2.96E-05,3.69E-05
9/19/2011,MSFT,0.000129028,9.32E-05,0.000165223,0.000112051,0.000182497,0.000121163,6.13E-05,0.000168575,0.000150286,0.000221271,0.000143875,0.000172568,0.000129473,4.31E-05
9/20/2011,MSFT,0.00015112,0.000138965,0.000179619,0.000157029,0.000179068,6.51E-05,0.000114002,0.000178805,0.000158147,0.000118473,0.000151948,0.000183861,6.64E-05,0.000117495
9/21/2011,MSFT,0.00021009,0.000187789,0.00026119,0.000199698,0.000253278,5.18E-05,0.000201503,0.00024963,0.000197209,0.000379779,0.000210355,0.000293927,4.78E-05,0.000246174
9/22/2011,MSFT,0.000878482,0.00083463,0.000554731,0.000775984,0.000759942,0.000391887,0.000368055,0.00093482,0.001021711,0.000470899,0.000831604,0.000789225,0.000386907,0.000402319
9/23/2011,MSFT,0.000446325,0.000452844,0.000251211,0.000428097,0.000410954,0.000220704,0.00019025,0.000293938,0.000354843,0.000325624,0.000316394,0.000311377,0.000137059,0.000174318
9/26/2011,MSFT,0.000459984,0.000409631,0.000390816,0.000414824,0.00045442,0.000246587,0.000207834,0.000312127,0.000349621,0.000475654,0.000376071,0.000384261,0.000176407,0.000207854
9/27/2011,MSFT,0.000186776,0.000134795,0.000198229,0.000171655,0.000249648,0.000124762,0.000124886,0.000211351,0.000239688,0.000142458,0.000209684,0.000208619,0.000105297,0.000103322
9/28/2011,MSFT,0.000353369,0.000341763,0.000268075,0.000416319,0.0005434,0.000326014,0.000217387,0.000302377,0.000286662,0.000307696,0.000241186,0.000290344,0.000123128,0.000167215
9/29/2011,MSFT,0.000401943,0.000399414,0.000254367,0.000390264,0.000395201,0.000175586,0.000219615,0.000315472,0.000325634,0.000224794,0.000341429,0.000344648,0.0001415,0.000203148
9/30/2011,MSFT,0.000316932,0.000357526,0.000298855,0.000307923,0.000284293,0.000145316,0.000138977,0.000233099,0.000220674,0.00026462,0.000226372,0.000276006,0.000133889,0.000142117
10/3/2011,MSFT,0.000591498,0.000642074,0.000829487,0.000565429,0.000555776,0.000323773,0.000232003,0.000455826,0.000613043,0.000603008,0.000687085,0.000757872,0.000460118,0.000297754
10/4/2011,MSFT,0.000703403,0.000644465,0.000822426,0.000646291,0.000725341,0.000507775,0.000217566,0.000594116,0.000447262,0.000978501,0.000585802,0.00066823,0.000543039,0.00012519
10/5/2011,MSFT,0.000460112,0.000455523,0.000567251,0.000490109,0.000511508,0.000265296,0.000246212,0.000376325,0.000390933,0.000744862,0.000437459,0.000520958,0.000316573,0.000204385
10/6/2011,MSFT,0.000190979,0.000181526,0.000268685,0.000198692,0.000217658,0.000126928,9.07E-05,0.000169664,0.000193294,0.000231823,0.000184101,0.000199204,0.000142834,5.64E-05
10/7/2011,MSFT,0.000192096,0.000178508,0.000213287,0.000179113,0.000189279,7.79E-05,0.000111366,0.000140823,0.000170166,0.00021777,0.000167479,0.000185111,7.84E-05,0.000106711
10/10/2011,MSFT,0.000102286,9.69E-05,0.000124476,9.46E-05,9.84E-05,6.56E-05,3.28E-05,9.38E-05,0.00010514,0.000153199,9.15E-05,0.000102123,8.10E-05,2.11E-05
10/11/2011,MSFT,0.000115215,0.000130084,5.74E-05,0.000129165,0.00011661,6.15E-05,5.52E-05,9.95E-05,9.16E-05,6.29E-05,9.84E-05,0.000108781,6.61E-05,4.27E-05
10/12/2011,MSFT,0.000214741,0.000173092,0.000180165,0.000194052,0.000243011,9.40E-05,0.000148992,0.000195689,0.000179778,0.000230394,0.000179108,0.000204122,7.74E-05,0.000126681
10/13/2011,MSFT,0.000192426,0.000201146,0.000103815,0.00017245,0.00016407,9.44E-05,6.96E-05,0.000164719,0.000185607,5.62E-05,0.000150422,0.000155935,9.02E-05,6.58E-05
10/14/2011,MSFT,0.000170425,0.000165722,0.00023955,0.000178411,0.000179045,9.20E-05,8.70E-05,0.000247985,0.000247498,0.000145493,0.000228028,0.000237279,9.35E-05,0.000143812
10/17/2011,MSFT,0.000115897,0.000131715,0.000155348,0.000136169,0.000175177,0.000101035,7.41E-05,8.59E-05,8.29E-05,0.000137196,9.93E-05,0.000185821,9.29E-05,9.29E-05
10/18/2011,MSFT,0.000184642,0.000151893,0.000240783,0.000172218,0.000254271,0.000164831,8.94E-05,0.000326617,0.000346097,0.000122365,0.000307831,0.000263355,0.000159141,0.000104214
10/19/2011,MSFT,0.00015101,0.000169032,0.000162928,0.000164051,0.000159833,5.22E-05,0.000107667,0.000121113,0.000136694,0.000184021,0.000129558,0.000143315,4.59E-05,9.74E-05
10/20/2011,MSFT,0.000347165,0.000332857,0.000436644,0.000347757,0.000377853,0.000153144,0.000224709,0.000469325,0.000449282,0.000399804,0.000408025,0.000421103,0.000164501,0.000256603
10/21/2011,MSFT,0.000141583,0.000131491,0.00027479,0.000143935,0.000256155,9.77E-05,0.000158426,0.000137114,0.00013755,0.000207571,0.000149844,0.000271992,0.000121815,0.000150177
10/24/2011,MSFT,0.000131728,0.000122469,0.000157332,0.000124857,0.000142412,7.16E-05,7.08E-05,9.71E-05,9.65E-05,9.68E-05,0.000124642,0.000147792,6.16E-05,8.62E-05
10/25/2011,MSFT,0.000108162,0.000104514,7.14E-05,0.000110127,0.000134516,4.89E-05,8.57E-05,0.000117579,0.000103217,6.61E-05,9.18E-05,0.00010623,4.82E-05,5.81E-05
10/26/2011,MSFT,0.000448544,0.00046424,0.000596315,0.000473517,0.000460428,0.000172806,0.000287623,0.000572352,0.000545044,0.000750039,0.00051031,0.000590078,0.000196992,0.000393086
10/27/2011,MSFT,0.000479204,0.000446358,0.00014638,0.000460999,0.000570518,0.00019808,0.000372438,0.000172958,0.000179421,0.000173946,0.000160987,0.000186061,8.46E-05,0.000101451
10/28/2011,MSFT,9.12E-05,8.97E-05,0.000110342,9.71E-05,0.000122042,3.65E-05,8.56E-05,8.95E-05,0.000101648,0.00010254,0.000116904,0.000118333,2.87E-05,8.97E-05
10/31/2011,MSFT,9.71E-05,8.81E-05,9.88E-05,9.54E-05,0.000108359,4.78E-05,6.06E-05,8.65E-05,8.52E-05,0.000103301,0.000104004,0.000128344,6.35E-05,6.48E-05
11/1/2011,MSFT,0.000218466,0.000210881,0.000210971,0.000227711,0.000235031,0.000109422,0.000125609,0.000230133,0.000203499,9.96E-05,0.000219007,0.000228668,0.000102003,0.000126665
11/2/2011,MSFT,0.000147167,0.000138177,0.000115536,0.000139573,0.000149455,7.05E-05,7.89E-05,9.16E-05,8.09E-05,0.000186963,8.45E-05,0.000106486,5.12E-05,5.53E-05
11/3/2011,MSFT,0.000250374,0.000209982,0.000319986,0.000223561,0.000239647,0.000124538,0.000115109,0.000318545,0.000313059,0.000193317,0.000265228,0.000242222,0.000126945,0.000115277
11/4/2011,MSFT,0.000117552,0.000112812,0.000113243,9.75E-05,0.000101057,4.94E-05,5.16E-05,0.000108582,8.12E-05,7.07E-05,8.53E-05,0.000112276,4.20E-05,7.03E-05
11/7/2011,MSFT,0.000244926,0.000262295,0.000334847,0.000225492,0.000214424,0.000163152,5.13E-05,0.000171668,0.000169741,0.000370347,0.000191292,0.000330299,0.000263958,6.63E-05
11/8/2011,MSFT,0.000133459,0.000139452,0.000148218,0.000139076,0.00012499,6.92E-05,5.58E-05,0.000120222,9.42E-05,0.000152137,0.000112141,0.000132724,7.39E-05,5.88E-05
11/9/2011,MSFT,0.000145784,0.000155247,0.00026381,0.000179874,0.000249338,8.04E-05,0.000168975,0.000183645,0.000186159,0.000271258,0.000198334,0.000265868,7.94E-05,0.000186449
11/10/2011,MSFT,0.000170997,0.000180498,0.000155813,0.000173872,0.000184126,8.58E-05,9.83E-05,0.000164806,0.000143282,0.000155926,0.000175299,0.000196608,9.42E-05,0.000102363
11/11/2011,MSFT,8.52E-05,7.72E-05,0.000115276,8.11E-05,0.000109164,7.64E-05,3.27E-05,0.000146043,0.000164849,0.00012821,0.00013388,0.00012268,8.94E-05,3.33E-05
11/14/2011,MSFT,8.99E-05,9.06E-05,7.48E-05,8.64E-05,8.64E-05,3.79E-05,4.85E-05,7.03E-05,8.00E-05,6.89E-05,6.97E-05,6.22E-05,2.71E-05,3.51E-05
11/15/2011,MSFT,0.00013597,0.000112746,0.000164784,0.000128419,0.000140393,7.67E-05,6.37E-05,0.00016398,0.000171953,0.000196248,0.000152781,0.000137917,8.14E-05,5.65E-05
11/16/2011,MSFT,0.000155319,0.000168645,0.000126061,0.000169556,0.000158746,5.16E-05,0.000107177,0.000123818,0.000153873,0.000140778,0.000129266,0.00011863,3.58E-05,8.28E-05
11/17/2011,MSFT,0.000185796,0.000156008,0.000176365,0.000161112,0.000185719,7.39E-05,0.000111793,0.000190781,0.00017747,0.000137864,0.000162855,0.000173683,5.38E-05,0.00011988
11/18/2011,MSFT,0.000117754,0.000105412,0.000107271,0.000104261,0.000132259,5.80E-05,7.43E-05,0.000181003,0.000150484,0.000174941,0.000133102,0.000128561,5.25E-05,7.61E-05
11/21/2011,MSFT,0.000138556,0.000118538,9.09E-05,0.000136188,0.000153339,5.89E-05,9.45E-05,0.000114026,0.000101251,0.000104741,0.000109753,0.000125158,3.94E-05,8.57E-05
11/22/2011,MSFT,0.000128116,0.000100274,0.000112318,0.000114392,0.000145831,8.01E-05,6.57E-05,0.000116311,0.000121404,0.000109275,0.000114193,0.0001103,5.85E-05,5.18E-05
11/23/2011,MSFT,0.000149089,0.00013068,0.000136537,0.000122024,0.00017098,6.66E-05,0.000104349,0.00011105,0.000103941,7.96E-05,0.000119179,0.00014748,4.76E-05,9.99E-05
11/25/2011,MSFT,0.000118734,0.000128018,0.000129025,0.000117353,0.000149244,7.19E-05,7.74E-05,0.000109991,8.43E-05,0.000168557,8.38E-05,0.000145374,7.57E-05,6.97E-05
11/28/2011,MSFT,0.000112613,8.05E-05,0.000155516,7.56E-05,0.000175514,7.81E-05,9.74E-05,0.000136251,0.000151517,3.30E-05,0.000142125,0.000176277,8.84E-05,8.79E-05
11/29/2011,MSFT,0.000167423,0.000142159,0.000172596,0.00018054,0.00020522,0.000109722,9.55E-05,0.000187457,0.000141914,0.000123396,0.000149006,0.000169557,9.13E-05,7.82E-05
11/30/2011,MSFT,9.50E-05,9.33E-05,0.000139782,9.91E-05,0.000156978,6.65E-05,9.04E-05,7.86E-05,8.43E-05,0.000143818,0.000101067,0.000160508,8.00E-05,8.05E-05
12/1/2011,MSFT,0.000123992,0.000103301,0.000102908,0.000107586,0.00013503,4.75E-05,8.75E-05,9.98E-05,9.32E-05,0.000100375,0.000101938,0.00011974,3.78E-05,8.20E-05
12/2/2011,MSFT,0.000100753,0.000109558,6.73E-05,9.61E-05,9.76E-05,3.05E-05,6.71E-05,9.61E-05,0.000102871,7.23E-05,9.82E-05,0.000105311,2.34E-05,8.19E-05
12/5/2011,MSFT,0.000148917,0.000158114,0.0001673,0.000156522,0.000164464,6.50E-05,9.95E-05,9.84E-05,0.000109408,0.000165014,0.000114609,0.000186076,4.66E-05,0.000139427
12/6/2011,MSFT,9.59E-05,0.00010657,2.62E-05,9.18E-05,8.54E-05,3.75E-05,4.79E-05,7.33E-05,7.96E-05,2.91E-05,6.66E-05,6.51E-05,2.73E-05,3.79E-05
12/7/2011,MSFT,0.000141601,0.000138815,0.000178111,0.000146534,0.000173791,7.20E-05,0.000101781,0.000108871,8.62E-05,0.000135492,0.000108008,0.000185648,7.18E-05,0.000113859
12/8/2011,MSFT,0.000137741,0.000165677,8.16E-05,0.000144276,0.000123486,5.49E-05,6.86E-05,7.39E-05,7.68E-05,0.000111024,8.35E-05,0.000107274,5.10E-05,5.62E-05
12/9/2011,MSFT,6.89E-05,6.86E-05,7.44E-05,7.57E-05,9.56E-05,6.38E-05,3.18E-05,8.81E-05,8.06E-05,7.84E-05,8.01E-05,9.71E-05,7.25E-05,2.46E-05
12/12/2011,MSFT,0.00011407,0.000112747,0.000105126,0.000108359,0.000114687,6.57E-05,4.90E-05,9.94E-05,9.51E-05,4.37E-05,9.37E-05,0.000110372,7.27E-05,3.77E-05
12/13/2011,MSFT,0.000156592,0.000162112,0.000223231,0.000171429,0.000192619,0.000105383,8.72E-05,0.000211078,0.00021799,0.000204868,0.000196076,0.000242566,0.000135982,0.000106584
12/14/2011,MSFT,0.000147535,0.000158409,6.80E-05,0.000152665,0.000146865,7.95E-05,6.74E-05,0.000145606,0.000162484,2.59E-05,0.000142492,0.000138518,6.62E-05,7.23E-05
12/15/2011,MSFT,6.66E-05,7.69E-05,9.48E-05,7.49E-05,7.70E-05,3.89E-05,3.81E-05,0.000101271,9.42E-05,5.32E-05,8.73E-05,0.000109351,5.80E-05,5.13E-05
12/16/2011,MSFT,0.000126156,0.000129906,0.000191961,0.000138469,0.000184853,0.000109355,7.55E-05,0.000152854,9.05E-05,0.000159494,0.000119222,0.000204967,0.000129213,7.58E-05
12/19/2011,MSFT,6.43E-05,6.70E-05,0.000133959,7.49E-05,0.000113011,2.18E-05,9.12E-05,5.54E-05,5.28E-05,0.000154292,5.37E-05,0.000128913,2.35E-05,0.000105373
12/20/2011,MSFT,0.000101302,0.000103753,7.82E-05,8.58E-05,8.52E-05,5.24E-05,3.28E-05,8.43E-05,7.92E-05,1.79E-05,6.17E-05,7.34E-05,4.73E-05,2.61E-05
12/21/2011,MSFT,0.000181238,0.000196157,0.000245655,0.000198445,0.000202537,8.30E-05,0.000119587,0.000152903,0.000160218,0.000237864,0.000161959,0.000185048,7.32E-05,0.000111814
12/22/2011,MSFT,8.09E-05,7.50E-05,7.03E-05,7.42E-05,7.84E-05,3.56E-05,4.28E-05,0.000106364,0.00010419,8.12E-05,8.87E-05,8.63E-05,4.35E-05,4.28E-05
12/23/2011,MSFT,5.71E-05,6.22E-05,6.82E-05,5.61E-05,5.33E-05,2.35E-05,2.97E-05,4.23E-05,3.32E-05,7.19E-05,3.36E-05,6.99E-05,2.64E-05,4.34E-05
12/27/2011,MSFT,3.46E-05,3.15E-05,2.94E-05,3.27E-05,4.28E-05,2.29E-05,1.99E-05,3.67E-05,4.10E-05,3.34E-05,3.33E-05,3.16E-05,1.87E-05,1.29E-05
12/28/2011,MSFT,9.10E-05,9.97E-05,0.000134098,0.000105988,0.000115413,3.80E-05,7.74E-05,0.000105879,6.54E-05,0.000138762,8.92E-05,0.000125493,5.11E-05,7.44E-05
12/29/2011,MSFT,5.71E-05,6.38E-05,5.33E-05,6.21E-05,6.14E-05,3.18E-05,2.97E-05,7.67E-05,8.02E-05,2.43E-05,6.92E-05,7.21E-05,2.99E-05,4.23E-05
12/30/2011,MSFT,4.76E-05,5.12E-05,5.41E-05,5.32E-05,5.20E-05,2.33E-05,2.86E-05,3.81E-05,3.39E-05,3.13E-05,3.22E-05,4.14E-05,1.95E-05,2.18E-05
1/3/2012,MSFT,9.27E-05,0.000101959,6.35E-05,9.66E-05,9.65E-05,5.09E-05,4.56E-05,9.06E-05,0.00010437,7.49E-05,8.50E-05,8.92E-05,5.41E-05,3.51E-05
1/4/2012,MSFT,0.000138372,0.000144059,0.000106352,0.000127495,0.0001415,0.000100867,4.06E-05,0.000103888,8.09E-05,0.000112999,7.56E-05,0.000118764,9.60E-05,2.28E-05
1/5/2012,MSFT,0.0001138,0.0001135,7.71E-05,0.000116371,0.000118614,7.01E-05,4.85E-05,5.94E-05,6.86E-05,5.30E-05,6.43E-05,7.03E-05,4.76E-05,2.26E-05
1/6/2012,MSFT,7.15E-05,8.02E-05,7.55E-05,8.32E-05,8.91E-05,6.47E-05,2.44E-05,4.14E-05,3.90E-05,8.36E-05,4.90E-05,8.22E-05,7.43E-05,7.87E-06
1/9/2012,MSFT,0.000122823,0.00011861,8.98E-05,0.000112573,0.000101903,3.54E-05,6.65E-05,0.000109027,0.000105581,7.08E-05,0.000106894,0.00010482,3.97E-05,6.51E-05
1/10/2012,MSFT,0.000102585,0.000102897,6.67E-05,0.000105098,0.000111239,5.18E-05,5.95E-05,6.50E-05,6.03E-05,8.74E-05,6.36E-05,7.26E-05,3.08E-05,4.18E-05
1/11/2012,MSFT,9.49E-05,9.88E-05,0.000164442,0.000125826,0.00014268,0.000103916,3.88E-05,0.000130544,0.000118188,0.000129937,0.000128154,0.000164328,0.000118028,4.63E-05
1/12/2012,MSFT,5.37E-05,4.97E-05,4.09E-05,5.65E-05,6.44E-05,3.12E-05,3.32E-05,6.43E-05,5.52E-05,2.90E-05,4.73E-05,4.82E-05,2.10E-05,2.72E-05
1/13/2012,MSFT,8.16E-05,6.24E-05,8.18E-05,7.50E-05,8.77E-05,5.29E-05,3.49E-05,6.64E-05,6.78E-05,3.72E-05,6.14E-05,6.60E-05,4.56E-05,2.04E-05
1/17/2012,MSFT,6.28E-05,6.95E-05,6.87E-05,6.79E-05,7.34E-05,2.86E-05,4.48E-05,7.01E-05,6.49E-05,5.71E-05,5.94E-05,6.32E-05,2.60E-05,3.72E-05
1/18/2012,MSFT,9.91E-05,9.75E-05,0.00010866,0.000118199,0.000144452,5.89E-05,8.55E-05,8.67E-05,7.95E-05,8.26E-05,9.45E-05,0.000119058,4.27E-05,7.64E-05
1/19/2012,MSFT,9.88E-05,8.75E-05,6.05E-05,9.10E-05,9.75E-05,4.99E-05,4.76E-05,0.000100725,9.96E-05,7.68E-05,9.11E-05,8.62E-05,4.62E-05,4.00E-05
1/20/2012,MSFT,0.000176918,0.000198793,0.000254477,0.000198209,0.000180319,0.000126378,5.39E-05,0.000189352,0.000156493,0.000189615,0.000152935,0.000208882,0.000176855,3.20E-05
1/23/2012,MSFT,0.000170913,0.000154312,0.000199643,0.000151966,0.000181838,9.03E-05,9.16E-05,0.000160607,0.000176341,0.000191277,0.000191934,0.00021464,9.62E-05,0.000118468
1/24/2012,MSFT,0.000109803,0.00011862,4.75E-05,0.000108705,0.000100918,4.13E-05,5.96E-05,7.46E-05,7.02E-05,5.91E-05,6.09E-05,6.86E-05,2.50E-05,4.36E-05
1/25/2012,MSFT,0.000185679,0.000206928,0.000123846,0.000196147,0.000182225,0.000117028,6.52E-05,0.000142968,0.000127836,0.00013262,0.000133428,0.000137284,9.10E-05,4.63E-05
1/26/2012,MSFT,9.33E-05,8.50E-05,9.86E-05,0.000104836,0.000108572,5.81E-05,5.05E-05,0.000115979,9.83E-05,6.31E-05,9.43E-05,0.000108749,4.82E-05,6.06E-05
1/27/2012,MSFT,8.61E-05,8.49E-05,6.28E-05,7.54E-05,7.88E-05,3.14E-05,4.74E-05,7.05E-05,7.54E-05,3.59E-05,7.25E-05,7.82E-05,2.76E-05,5.07E-05
1/30/2012,MSFT,0.000130158,0.000152131,9.17E-05,0.000129037,0.000123055,8.13E-05,4.17E-05,0.000130472,0.000112228,8.00E-05,0.000109767,0.0001129,8.26E-05,3.03E-05
1/31/2012,MSFT,0.000124366,0.000123858,9.36E-05,0.000120724,0.000120968,5.41E-05,6.68E-05,7.23E-05,6.86E-05,9.11E-05,7.96E-05,0.000109333,4.44E-05,6.49E-05
2/1/2012,MSFT,5.91E-05,5.36E-05,5.50E-05,5.53E-05,6.24E-05,2.76E-05,3.48E-05,3.28E-05,4.14E-05,3.10E-05,4.66E-05,5.43E-05,2.42E-05,3.01E-05
2/2/2012,MSFT,0.000135986,0.000147451,8.13E-05,0.000123224,0.000113783,5.63E-05,5.75E-05,0.000102089,0.000106373,7.13E-05,0.000102097,0.000113631,6.27E-05,5.10E-05
2/3/2012,MSFT,7.37E-05,8.01E-05,5.18E-05,7.52E-05,7.09E-05,4.06E-05,3.03E-05,5.37E-05,5.43E-05,1.27E-05,4.73E-05,4.25E-05,2.28E-05,1.97E-05
2/6/2012,MSFT,3.11E-05,3.58E-05,3.38E-05,3.42E-05,3.40E-05,1.93E-05,1.47E-05,3.90E-05,3.45E-05,3.59E-05,3.55E-05,4.13E-05,2.72E-05,1.40E-05
2/7/2012,MSFT,7.01E-05,6.78E-05,5.37E-05,6.69E-05,6.61E-05,3.96E-05,2.65E-05,6.69E-05,7.69E-05,0.000103463,7.34E-05,6.08E-05,4.08E-05,2.01E-05
2/8/2012,MSFT,7.38E-05,7.83E-05,3.16E-05,7.37E-05,7.58E-05,4.95E-05,2.63E-05,3.80E-05,4.91E-05,4.89E-05,4.29E-05,4.80E-05,3.92E-05,8.81E-06
2/9/2012,MSFT,6.64E-05,6.83E-05,4.60E-05,6.80E-05,6.98E-05,3.82E-05,3.15E-05,7.04E-05,6.75E-05,5.24E-05,6.95E-05,6.51E-05,3.61E-05,2.90E-05
2/10/2012,MSFT,6.32E-05,5.41E-05,8.41E-05,6.12E-05,9.11E-05,4.95E-05,4.17E-05,8.14E-05,8.23E-05,5.20E-05,7.79E-05,8.67E-05,4.15E-05,4.52E-05
2/13/2012,MSFT,6.25E-05,5.28E-05,4.76E-05,5.40E-05,7.05E-05,3.28E-05,3.77E-05,6.00E-05,6.95E-05,7.19E-05,6.23E-05,5.77E-05,2.44E-05,3.34E-05
2/14/2012,MSFT,7.13E-05,8.14E-05,7.54E-05,7.89E-05,7.97E-05,4.16E-05,3.80E-05,6.10E-05,5.21E-05,0.000103008,5.79E-05,7.94E-05,4.38E-05,3.55E-05
2/15/2012,MSFT,0.000121526,0.000116568,6.66E-05,0.000106811,0.000123603,4.52E-05,7.84E-05,7.77E-05,8.45E-05,1.80E-06,7.44E-05,7.44E-05,2.32E-05,5.12E-05
2/16/2012,MSFT,0.00015854,0.000131411,0.000238987,0.000144622,0.000190009,0.00013411,5.59E-05,0.000164448,0.000170447,0.000321286,0.000181597,0.000216929,0.000167814,4.91E-05
2/17/2012,MSFT,0.000100323,0.000101153,4.38E-05,0.000102351,0.000101504,4.36E-05,5.79E-05,6.01E-05,4.57E-05,6.41E-05,5.31E-05,6.96E-05,2.71E-05,4.24E-05
2/21/2012,MSFT,5.95E-05,5.89E-05,8.62E-05,6.12E-05,6.43E-05,3.98E-05,2.44E-05,4.92E-05,4.97E-05,8.61E-05,5.80E-05,6.50E-05,4.69E-05,1.82E-05
2/22/2012,MSFT,0.000134667,0.000130738,0.000106838,0.000107039,0.000118536,4.63E-05,7.22E-05,5.48E-05,5.73E-05,3.61E-05,9.08E-05,0.000121425,2.30E-05,9.84E-05
2/23/2012,MSFT,9.42E-05,0.000100995,0.000107376,9.72E-05,9.98E-05,5.96E-05,4.02E-05,9.61E-05,8.75E-05,9.59E-05,8.93E-05,0.000102117,6.48E-05,3.73E-05
2/24/2012,MSFT,6.94E-05,6.84E-05,6.84E-05,6.11E-05,6.77E-05,3.22E-05,3.55E-05,3.97E-05,3.54E-05,4.66E-05,3.86E-05,6.29E-05,2.64E-05,3.65E-05
2/27/2012,MSFT,7.77E-05,6.61E-05,4.89E-05,6.72E-05,7.27E-05,4.05E-05,3.22E-05,4.95E-05,4.60E-05,5.36E-05,4.57E-05,4.79E-05,2.86E-05,1.93E-05
2/28/2012,MSFT,0.00013268,0.000151391,6.80E-05,0.000129342,0.000115838,7.46E-05,4.13E-05,7.85E-05,7.45E-05,8.01E-05,6.76E-05,7.85E-05,5.26E-05,2.59E-05
2/29/2012,MSFT,7.71E-05,7.84E-05,3.30E-05,7.55E-05,7.24E-05,3.08E-05,4.17E-05,6.90E-05,6.36E-05,3.66E-05,5.56E-05,5.68E-05,2.87E-05,2.81E-05
3/1/2012,MSFT,0.000120043,0.000123087,0.000109279,0.000117805,0.000109396,6.62E-05,4.32E-05,0.000110581,0.000123443,6.53E-05,0.000107751,9.48E-05,6.69E-05,2.79E-05
3/2/2012,MSFT,8.27E-05,6.35E-05,9.18E-05,7.75E-05,9.52E-05,3.41E-05,6.11E-05,6.02E-05,7.42E-05,0.000114462,8.10E-05,8.93E-05,3.02E-05,5.91E-05
3/5/2012,MSFT,4.74E-05,4.39E-05,5.45E-05,4.20E-05,5.25E-05,1.81E-05,3.44E-05,5.73E-05,6.43E-05,5.50E-05,5.96E-05,5.59E-05,1.95E-05,3.64E-05
3/6/2012,MSFT,9.51E-05,9.28E-05,0.000224306,0.000115143,0.000281352,0.000226795,5.46E-05,4.28E-05,4.01E-05,0.00021026,5.72E-05,0.000218323,0.000171911,4.64E-05
3/7/2012,MSFT,6.79E-05,7.76E-05,3.47E-05,6.67E-05,6.00E-05,3.02E-05,2.98E-05,3.46E-05,4.12E-05,4.18E-05,3.99E-05,3.76E-05,2.68E-05,1.08E-05
3/8/2012,MSFT,7.90E-05,8.94E-05,6.98E-05,9.69E-05,0.000107036,4.80E-05,5.90E-05,0.000107479,5.78E-05,7.04E-05,7.57E-05,0.000117432,6.25E-05,5.49E-05
3/9/2012,MSFT,4.55E-05,4.43E-05,2.60E-05,4.25E-05,4.66E-05,1.81E-05,2.85E-05,3.58E-05,3.36E-05,1.71E-05,2.73E-05,3.16E-05,1.13E-05,2.02E-05
3/12/2012,MSFT,5.11E-05,5.07E-05,4.01E-05,4.93E-05,5.30E-05,2.99E-05,2.31E-05,4.04E-05,4.27E-05,1.78E-05,4.45E-05,5.29E-05,3.77E-05,1.53E-05
3/13/2012,MSFT,5.58E-05,5.44E-05,5.18E-05,5.56E-05,5.59E-05,3.69E-05,1.90E-05,3.90E-05,4.05E-05,5.63E-05,3.99E-05,5.41E-05,3.94E-05,1.47E-05
3/14/2012,MSFT,9.67E-05,0.000104171,7.13E-05,9.09E-05,8.41E-05,5.33E-05,3.08E-05,5.04E-05,4.14E-05,5.08E-05,5.82E-05,8.48E-05,6.80E-05,1.68E-05
3/15/2012,MSFT,4.46E-05,4.57E-05,2.38E-05,4.37E-05,4.72E-05,2.66E-05,2.06E-05,4.45E-05,3.92E-05,2.83E-05,3.55E-05,4.18E-05,2.16E-05,2.02E-05
3/16/2012,MSFT,4.96E-05,5.60E-05,4.73E-05,5.55E-05,5.03E-05,1.54E-05,3.49E-05,4.27E-05,3.84E-05,5.64E-05,4.81E-05,5.31E-05,1.21E-05,4.10E-05
3/19/2012,MSFT,4.95E-05,5.06E-05,7.57E-05,5.27E-05,6.62E-05,2.18E-05,4.44E-05,5.36E-05,4.03E-05,7.26E-05,4.73E-05,7.18E-05,1.67E-05,5.51E-05
3/20/2012,MSFT,8.94E-05,8.35E-05,9.88E-05,9.29E-05,0.000133718,5.45E-05,7.92E-05,7.81E-05,6.54E-05,7.33E-05,7.54E-05,0.000119575,3.31E-05,8.64E-05
3/21/2012,MSFT,7.32E-05,6.79E-05,7.40E-05,6.84E-05,8.02E-05,4.28E-05,3.74E-05,7.08E-05,7.53E-05,7.64E-05,6.91E-05,6.67E-05,2.78E-05,3.90E-05
3/22/2012,MSFT,8.76E-05,8.82E-05,4.45E-05,8.67E-05,9.89E-05,6.85E-05,3.03E-05,4.63E-05,4.22E-05,4.66E-05,4.52E-05,5.30E-05,3.61E-05,1.70E-05
3/23/2012,MSFT,0.000108526,0.000121107,6.76E-05,0.000104974,9.88E-05,4.55E-05,5.33E-05,6.96E-05,7.35E-05,3.67E-05,7.89E-05,8.63E-05,2.47E-05,6.15E-05
3/26/2012,MSFT,7.17E-05,8.45E-05,4.46E-05,8.00E-05,7.09E-05,4.58E-05,2.52E-05,5.66E-05,5.64E-05,7.06E-05,6.16E-05,7.58E-05,5.87E-05,1.71E-05
3/27/2012,MSFT,8.50E-05,8.57E-05,4.29E-05,7.86E-05,7.89E-05,3.24E-05,4.64E-05,3.41E-05,3.00E-05,2.38E-05,3.92E-05,4.95E-05,1.85E-05,3.10E-05
3/28/2012,MSFT,5.59E-05,5.40E-05,8.05E-05,6.19E-05,8.82E-05,2.80E-05,6.02E-05,6.19E-05,5.70E-05,9.81E-05,6.28E-05,8.50E-05,2.64E-05,5.86E-05
3/29/2012,MSFT,0.000167911,0.000137934,6.12E-05,0.000140811,0.000148508,8.79E-05,6.06E-05,0.000152701,0.000166805,-1.43E-05,0.000153482,0.000138129,7.15E-05,6.66E-05
3/30/2012,MSFT,6.55E-05,7.01E-05,8.93E-05,7.66E-05,9.99E-05,3.11E-05,6.88E-05,5.96E-05,4.10E-05,9.78E-05,5.26E-05,0.00010027,3.11E-05,6.92E-05
4/2/2012,MSFT,6.40E-05,7.32E-05,0.000105425,7.47E-05,8.73E-05,3.94E-05,4.79E-05,7.11E-05,6.16E-05,0.000145749,7.72E-05,9.88E-05,4.66E-05,5.23E-05
4/3/2012,MSFT,7.60E-05,7.25E-05,8.63E-05,7.97E-05,0.000110931,4.18E-05,6.91E-05,0.000122011,0.000111557,9.35E-05,0.000112618,0.000118377,4.46E-05,7.38E-05
4/4/2012,MSFT,0.000115069,0.000113058,0.000136383,0.000111773,0.000112817,3.56E-05,7.72E-05,0.000117292,0.000133632,0.000162576,0.000144177,0.000147676,3.65E-05,0.000111215
4/5/2012,MSFT,8.53E-05,9.38E-05,7.44E-05,8.61E-05,8.04E-05,5.32E-05,2.72E-05,0.000101623,0.000117215,0.000120933,9.75E-05,8.14E-05,6.12E-05,2.02E-05
4/9/2012,MSFT,7.67E-05,6.42E-05,8.87E-05,7.00E-05,9.10E-05,3.34E-05,5.76E-05,9.60E-05,7.56E-05,0.000109504,8.46E-05,0.000101731,3.86E-05,6.32E-05
4/10/2012,MSFT,0.000204421,0.00019854,0.00016472,0.000192856,0.000208502,7.27E-05,0.000135761,0.000195359,0.000156925,7.93E-05,0.000145517,0.000158695,4.67E-05,0.000111966
4/11/2012,MSFT,4.64E-05,4.40E-05,4.72E-05,4.92E-05,6.00E-05,2.27E-05,3.74E-05,4.25E-05,4.11E-05,4.16E-05,4.65E-05,5.98E-05,2.44E-05,3.54E-05
4/12/2012,MSFT,0.000109916,7.67E-05,7.85E-05,7.14E-05,0.000100193,6.77E-05,3.25E-05,6.32E-05,5.59E-05,0.000139119,8.06E-05,9.43E-05,7.80E-05,1.63E-05
4/13/2012,MSFT,0.000170998,0.000179367,0.000163907,0.000173165,0.000161346,8.27E-05,7.86E-05,0.000234343,0.000221666,0.000104212,0.000192154,0.000188219,9.55E-05,9.27E-05
4/16/2012,MSFT,8.58E-05,8.82E-05,8.75E-05,9.02E-05,9.70E-05,5.39E-05,4.32E-05,9.01E-05,9.09E-05,0.000122028,8.75E-05,9.88E-05,5.86E-05,4.02E-05
4/17/2012,MSFT,6.96E-05,7.32E-05,3.37E-05,6.76E-05,6.57E-05,3.88E-05,2.69E-05,6.67E-05,6.07E-05,8.41E-06,5.73E-05,6.68E-05,3.95E-05,2.73E-05
4/18/2012,MSFT,8.90E-05,9.31E-05,9.22E-05,9.06E-05,0.000111703,4.09E-05,7.08E-05,0.000130606,0.00015085,-2.24E-06,0.000118851,0.000105289,4.78E-05,5.75E-05
4/19/2012,MSFT,0.000184667,0.000190666,0.000252406,0.000190936,0.000191081,0.000103141,8.79E-05,0.000169687,0.000180085,0.000240876,0.000191626,0.000243856,0.000126023,0.000117833
4/20/2012,MSFT,0.000203899,0.000166048,0.000166547,0.000161331,0.000189828,0.000116871,7.30E-05,0.000188588,0.000208065,0.000240028,0.000199875,0.000176365,0.000102549,7.38E-05
4/23/2012,MSFT,0.000119768,0.000115422,0.000113972,0.000101723,0.000101759,3.68E-05,6.50E-05,9.49E-05,8.74E-05,9.47E-05,8.43E-05,9.78E-05,3.72E-05,6.06E-05
4/24/2012,MSFT,5.39E-05,6.49E-05,2.70E-05,6.14E-05,6.48E-05,2.46E-05,4.03E-05,6.02E-05,5.50E-05,1.41E-05,4.16E-05,4.45E-05,1.48E-05,2.98E-05
4/25/2012,MSFT,5.70E-05,4.80E-05,6.05E-05,4.97E-05,7.16E-05,4.85E-05,2.31E-05,5.00E-05,4.12E-05,4.92E-05,5.04E-05,6.62E-05,4.01E-05,2.61E-05
4/26/2012,MSFT,3.71E-05,3.29E-05,3.98E-05,4.16E-05,5.40E-05,2.81E-05,2.58E-05,2.73E-05,2.67E-05,3.25E-05,2.60E-05,4.17E-05,2.62E-05,1.55E-05
4/27/2012,MSFT,4.31E-05,5.45E-05,2.85E-05,4.66E-05,4.53E-05,1.82E-05,2.71E-05,2.48E-05,2.33E-05,3.24E-05,2.33E-05,2.49E-05,6.50E-06,1.84E-05
4/30/2012,MSFT,2.98E-05,3.10E-05,9.86E-06,2.80E-05,3.03E-05,1.78E-05,1.25E-05,4.28E-05,4.24E-05,2.41E-06,2.78E-05,3.03E-05,1.57E-05,1.46E-05
5/1/2012,MSFT,3.54E-05,4.07E-05,2.96E-05,4.38E-05,4.77E-05,2.40E-05,2.37E-05,3.01E-05,3.96E-05,3.92E-05,3.36E-05,3.24E-05,1.77E-05,1.47E-05
5/2/2012,MSFT,3.77E-05,3.86E-05,5.36E-05,4.08E-05,4.58E-05,2.19E-05,2.40E-05,4.66E-05,3.97E-05,4.82E-05,3.91E-05,4.68E-05,2.38E-05,2.29E-05
5/3/2012,MSFT,5.70E-05,6.41E-05,5.53E-05,6.90E-05,8.70E-05,2.52E-05,6.18E-05,3.62E-05,4.04E-05,5.05E-05,4.64E-05,6.33E-05,1.86E-05,4.47E-05
5/4/2012,MSFT,0.000118771,0.000132785,9.68E-05,0.000125307,0.000132141,4.38E-05,8.83E-05,7.49E-05,8.29E-05,0.000157079,9.04E-05,9.70E-05,2.22E-05,7.48E-05
5/7/2012,MSFT,5.71E-05,5.48E-05,5.87E-05,6.02E-05,7.51E-05,3.92E-05,3.59E-05,4.56E-05,3.90E-05,3.61E-05,4.14E-05,5.44E-05,2.28E-05,3.16E-05
5/8/2012,MSFT,0.000210175,0.000220366,0.000113358,0.000208044,0.000200055,0.000106683,9.34E-05,0.000159213,0.000167821,0.000125648,0.000155241,0.000150072,6.93E-05,8.08E-05
5/9/2012,MSFT,0.000148231,0.000134837,0.000150039,0.000140875,0.000156533,0.000109364,4.72E-05,0.000206357,0.000201211,0.000122062,0.000184194,0.000173626,0.000127965,4.57E-05
5/10/2012,MSFT,0.000170453,0.000139086,0.00016278,0.000156403,0.000209125,6.30E-05,0.000146127,0.000191029,0.00020715,0.000192513,0.000177187,0.000187749,7.15E-05,0.000116298
5/11/2012,MSFT,0.000149036,0.000168442,0.000197223,0.00015262,0.000197107,0.000146696,5.04E-05,0.000131218,0.000148852,0.000306427,0.000145394,0.000159054,0.000132303,2.68E-05
5/14/2012,MSFT,0.00010652,0.000117073,8.96E-05,0.000101746,9.65E-05,4.76E-05,4.89E-05,0.000114259,0.000103877,0.000102212,0.000100441,9.34E-05,3.96E-05,5.38E-05
5/15/2012,MSFT,0.000171832,0.000194426,0.000207206,0.000168053,0.000156158,6.61E-05,9.01E-05,0.000196503,0.000202749,0.000303212,0.000181397,0.000163384,6.29E-05,0.000100531
5/16/2012,MSFT,0.000140712,0.000141223,0.000157488,0.000141697,0.000144735,5.21E-05,9.27E-05,8.62E-05,7.36E-05,0.000157998,7.75E-05,0.000129663,3.97E-05,8.99E-05
5/17/2012,MSFT,1.00E-04,0.00010989,6.31E-05,0.000110606,0.000138976,5.19E-05,8.71E-05,0.000104576,9.06E-05,0.000106669,9.44E-05,0.000130394,3.65E-05,9.39E-05
5/18/2012,MSFT,0.000356892,0.000364383,0.000301315,0.000291966,0.000283063,0.000109676,0.000173387,0.000166555,0.000124077,0.000215471,0.000148549,0.000280848,6.89E-05,0.000211955
5/21/2012,MSFT,0.000129024,0.000118796,0.000138194,0.000128003,0.000131101,9.52E-05,3.59E-05,0.000132537,0.000135844,0.000170591,0.000122585,0.000118778,9.44E-05,2.44E-05
5/22/2012,MSFT,9.89E-05,7.69E-05,9.59E-05,8.74E-05,0.000111876,6.35E-05,4.83E-05,9.47E-05,8.93E-05,2.73E-05,8.38E-05,9.58E-05,6.11E-05,3.46E-05
5/23/2012,MSFT,0.000282072,0.000275074,0.000566982,0.000299671,0.000374943,9.46E-05,0.000280351,0.000260468,0.000212791,0.000522966,0.000248033,0.000550618,0.000107028,0.00044359
5/24/2012,MSFT,0.000176691,0.000149626,0.000237668,0.000160732,0.000190176,8.09E-05,0.000109297,0.000143622,0.000161458,0.000234435,0.000161234,0.000201703,7.69E-05,0.000124844
5/25/2012,MSFT,6.06E-05,5.89E-05,6.21E-05,5.85E-05,5.82E-05,2.75E-05,3.08E-05,4.70E-05,3.97E-05,7.43E-05,4.82E-05,6.09E-05,2.86E-05,3.23E-05
5/29/2012,MSFT,0.000205064,0.000187683,0.000149258,0.000177343,0.000179954,8.95E-05,9.05E-05,0.000104358,0.000104686,0.000152243,0.000126298,0.000153242,0.000101598,5.16E-05
5/30/2012,MSFT,8.12E-05,7.77E-05,7.76E-05,8.33E-05,9.77E-05,4.93E-05,4.84E-05,9.67E-05,9.29E-05,8.75E-05,8.29E-05,8.66E-05,4.61E-05,4.05E-05
5/31/2012,MSFT,0.000176355,0.000141038,0.000153336,0.000176385,0.000214246,8.66E-05,0.000127633,0.000175106,0.0001571,0.000179659,0.000157527,0.000165094,6.96E-05,9.55E-05
6/1/2012,MSFT,0.000231792,0.000222149,0.000190499,0.000204955,0.000193832,7.44E-05,0.00011944,0.000326867,0.000320212,0.000114943,0.000270692,0.000240116,9.17E-05,0.00014838
6/4/2012,MSFT,0.000166081,0.00019209,0.00016381,0.000156669,0.000136532,7.47E-05,6.18E-05,0.000100132,6.93E-05,0.000158058,7.07E-05,0.000138236,8.43E-05,5.39E-05
6/5/2012,MSFT,0.000142494,0.000156205,9.27E-05,0.000144572,0.000143741,6.71E-05,7.67E-05,0.000105234,8.30E-05,6.64E-05,0.000105627,0.000130791,4.61E-05,8.47E-05
6/6/2012,MSFT,7.63E-05,7.00E-05,8.70E-05,7.21E-05,7.97E-05,6.00E-05,1.97E-05,5.31E-05,7.09E-05,9.63E-05,7.06E-05,8.17E-05,7.22E-05,9.57E-06
6/7/2012,MSFT,8.37E-05,6.70E-05,0.00010248,6.95E-05,8.77E-05,2.58E-05,6.19E-05,7.62E-05,7.94E-05,0.000106499,8.09E-05,9.68E-05,2.25E-05,7.43E-05
6/8/2012,MSFT,0.000164237,0.000179085,5.15E-05,0.000145574,0.00013962,7.93E-05,6.03E-05,0.000119795,0.000133336,7.74E-05,0.000115445,9.75E-05,6.72E-05,3.03E-05
6/11/2012,MSFT,0.000120081,0.000125598,0.000129344,0.000119619,0.000126574,2.71E-05,9.95E-05,7.69E-05,9.30E-05,0.000195322,9.48E-05,0.000121027,6.45E-06,0.000114577
6/12/2012,MSFT,9.87E-05,9.32E-05,8.65E-05,8.91E-05,9.55E-05,5.45E-05,4.11E-05,6.80E-05,7.92E-05,8.83E-05,7.63E-05,8.11E-05,5.28E-05,2.83E-05
6/13/2012,MSFT,9.58E-05,8.57E-05,5.72E-05,7.78E-05,8.05E-05,4.19E-05,3.86E-05,8.66E-05,0.000100728,6.13E-05,8.70E-05,8.32E-05,3.98E-05,4.34E-05
6/14/2012,MSFT,0.000182068,0.000198584,0.000450986,0.000203261,0.000373325,0.000124969,0.000248356,0.000192987,0.000171972,0.000329994,0.000172406,0.000376998,0.000142582,0.000234416
6/15/2012,MSFT,0.000114825,0.000134513,8.25E-05,0.000118922,0.000111879,7.42E-05,3.77E-05,7.23E-05,7.29E-05,0.000127793,7.94E-05,7.96E-05,6.58E-05,1.38E-05
6/18/2012,MSFT,0.000139098,0.000125759,0.000105761,0.000130104,0.000179809,6.54E-05,0.000114413,6.17E-05,8.05E-05,9.73E-05,9.15E-05,0.000127188,5.67E-05,7.05E-05
6/19/2012,MSFT,0.000174182,0.000163103,0.000273661,0.000185618,0.000231738,0.00016018,7.16E-05,0.000142831,0.000158496,0.000350566,0.000192411,0.000291241,0.000223508,6.77E-05
6/20/2012,MSFT,0.000130304,0.000123187,0.000181197,0.000132865,0.000155012,6.96E-05,8.54E-05,0.000160716,0.000174199,0.000194503,0.000163047,0.00018497,8.24E-05,0.000102553
6/21/2012,MSFT,0.000191158,0.000166171,0.000208014,0.000187908,0.000210292,7.12E-05,0.000139133,0.000286429,0.000286738,3.68E-05,0.00026254,0.000251715,8.92E-05,0.0001625
6/22/2012,MSFT,0.000114044,0.000103076,0.000140876,0.000101382,0.000137777,6.76E-05,7.02E-05,0.000103658,0.000110917,0.000165869,0.000102635,0.000123732,6.26E-05,6.11E-05
6/25/2012,MSFT,0.000107148,0.00011461,0.000152082,0.000117847,0.000156349,4.72E-05,0.000109152,0.000108038,0.000103037,0.000150041,0.00011526,0.000157521,3.40E-05,0.000123534
6/26/2012,MSFT,0.000129476,0.000132497,0.000156957,0.000124305,0.000138194,6.22E-05,7.60E-05,7.50E-05,6.08E-05,8.41E-05,7.55E-05,0.000117797,6.60E-05,5.18E-05
6/27/2012,MSFT,9.81E-05,0.000113337,0.00020633,0.000120617,0.000178381,0.000122882,5.55E-05,0.000170903,0.000153682,0.000135366,0.00015761,0.000191569,0.000122299,6.93E-05
6/28/2012,MSFT,0.00021815,0.000224328,0.000185158,0.000258802,0.000337166,0.00011538,0.000221786,0.000167476,0.000189779,0.00030061,0.000192563,0.000217882,8.96E-05,0.000128236
6/29/2012,MSFT,0.000164183,0.000174786,9.44E-05,0.000183007,0.000206055,8.12E-05,0.000124857,9.49E-05,0.000112418,0.000177793,0.000102039,0.000109901,5.21E-05,5.78E-05
7/2/2012,MSFT,7.84E-05,7.24E-05,0.000131352,9.11E-05,0.000136957,4.92E-05,8.77E-05,9.97E-05,8.52E-05,6.60E-05,0.000105486,0.000140899,5.34E-05,8.75E-05
7/3/2012,MSFT,0.00019998,0.000194161,4.65E-05,0.000161456,0.000172284,0.000101725,7.06E-05,6.22E-05,5.36E-05,6.14E-05,5.79E-05,7.64E-05,6.44E-05,1.21E-05
7/5/2012,MSFT,7.94E-05,5.22E-05,0.000101461,6.96E-05,0.000115811,5.15E-05,6.43E-05,0.000104884,8.06E-05,7.62E-05,8.06E-05,0.000120111,5.87E-05,6.15E-05
7/6/2012,MSFT,0.000103308,0.000106897,0.000103288,9.46E-05,9.07E-05,3.18E-05,5.89E-05,9.77E-05,0.000118947,0.000148846,9.55E-05,8.64E-05,2.41E-05,6.22E-05
7/9/2012,MSFT,0.000101325,0.000108115,5.27E-05,9.55E-05,9.12E-05,4.11E-05,5.01E-05,5.55E-05,3.06E-05,5.90E-05,3.82E-05,6.69E-05,2.34E-05,4.36E-05
7/10/2012,MSFT,8.76E-05,8.79E-05,0.000163021,0.000112731,0.000125262,5.08E-05,7.45E-05,7.19E-05,5.37E-05,0.000178103,8.12E-05,0.000152681,4.79E-05,0.000104764
7/11/2012,MSFT,8.39E-05,8.02E-05,0.000121226,0.000104177,0.000148743,3.91E-05,0.000109666,0.000173946,0.000154808,0.000178879,0.000147432,0.000157555,4.87E-05,0.000108828
7/12/2012,MSFT,0.000121108,0.000133058,0.000224318,0.000136854,0.000153723,3.87E-05,0.000115061,7.44E-05,7.35E-05,0.00025468,0.000105112,0.000193184,2.88E-05,0.000164402
7/13/2012,MSFT,0.00018511,0.000203811,0.000198524,0.000201304,0.000172046,0.000138911,3.31E-05,9.32E-05,8.26E-05,0.000167937,7.98E-05,0.000117858,0.00010796,9.90E-06
7/16/2012,MSFT,0.00018781,0.000181005,0.000273147,0.000155024,0.000182594,6.99E-05,0.000112682,0.000143333,0.00010923,0.000357114,0.000161863,0.000272142,9.41E-05,0.000178045
7/17/2012,MSFT,0.000153655,0.00015051,0.000162852,0.000179568,0.000191385,8.49E-05,0.000106532,0.000171215,0.000138493,0.000192579,0.000161412,0.00020027,8.43E-05,0.000116013
7/18/2012,MSFT,0.000164961,0.000132762,0.000203267,0.000146797,0.000182061,0.000140243,4.18E-05,0.000162273,0.000158706,0.000217079,0.000139414,0.000144612,0.000125522,1.91E-05
7/19/2012,MSFT,0.000159004,0.000182356,0.000120751,0.00016055,0.00014076,7.26E-05,6.82E-05,0.000143087,0.000117515,9.57E-05,0.00011731,0.000143899,8.96E-05,5.43E-05
7/20/2012,MSFT,0.000267943,0.000229247,0.000286242,0.000217887,0.000246105,6.89E-05,0.000177229,0.000286584,0.000232607,0.000246634,0.000281046,0.000322205,6.68E-05,0.000255451
7/23/2012,MSFT,0.000195467,0.000151995,8.81E-05,0.000196336,0.000270472,5.06E-05,0.000219889,8.56E-05,7.85E-05,0.00019364,9.53E-05,0.000140733,2.60E-05,0.000114751
7/24/2012,MSFT,0.000123713,0.000137322,0.00010292,0.00012658,0.000121033,5.53E-05,6.58E-05,0.000121416,0.000118657,8.48E-05,9.92E-05,0.000134217,7.39E-05,6.03E-05
7/25/2012,MSFT,9.31E-05,8.73E-05,6.99E-05,9.16E-05,9.98E-05,3.48E-05,6.49E-05,0.000125227,0.000119011,4.13E-05,0.00010528,9.50E-05,2.92E-05,6.58E-05
7/26/2012,MSFT,0.000129491,0.000111057,0.000221791,0.000119305,0.000172177,9.85E-05,7.37E-05,0.000330915,0.000311114,9.39E-05,0.000234832,0.000240429,0.000126613,0.000113816
7/27/2012,MSFT,0.000120458,0.000106638,0.000117533,0.000126452,0.000159687,9.70E-05,6.27E-05,7.71E-05,8.63E-05,0.000152833,0.000101902,0.000116984,7.39E-05,4.31E-05
7/30/2012,MSFT,0.000107917,0.000116871,4.99E-05,0.000105807,0.000104134,4.34E-05,6.07E-05,5.67E-05,6.37E-05,1.44E-05,6.64E-05,7.28E-05,2.58E-05,4.70E-05
7/31/2012,MSFT,0.000126239,0.000130043,0.000122867,0.000154522,0.00017147,9.54E-05,7.61E-05,0.000190234,0.000168249,3.90E-05,0.000176977,0.000180105,0.000112179,6.79E-05
8/1/2012,MSFT,0.000138848,0.000141524,0.000114299,0.000147681,0.000150087,6.19E-05,8.82E-05,0.00014872,0.000125637,0.000109428,0.000134651,0.000163106,5.57E-05,0.000107387
8/2/2012,MSFT,0.000186742,0.0002256,0.000169786,0.000197527,0.000179504,9.89E-05,8.06E-05,0.000220817,0.000245296,0.000181274,0.000201841,0.000199861,9.99E-05,9.99E-05
8/3/2012,MSFT,8.92E-05,8.89E-05,8.57E-05,8.92E-05,8.78E-05,5.15E-05,3.63E-05,9.93E-05,0.000145681,0.000100672,0.000125092,0.00010829,6.51E-05,4.32E-05
8/6/2012,MSFT,5.26E-05,5.47E-05,7.17E-05,6.00E-05,7.77E-05,3.89E-05,3.88E-05,0.000107788,9.52E-05,3.11E-05,7.16E-05,8.21E-05,4.07E-05,4.14E-05
8/7/2012,MSFT,6.19E-05,6.63E-05,8.91E-05,6.92E-05,7.00E-05,4.07E-05,2.93E-05,7.90E-05,6.25E-05,0.00011829,6.23E-05,7.72E-05,5.56E-05,2.17E-05
8/8/2012,MSFT,5.36E-05,4.28E-05,6.52E-05,4.88E-05,5.85E-05,3.49E-05,2.37E-05,3.46E-05,3.94E-05,4.49E-05,3.97E-05,6.07E-05,4.02E-05,2.05E-05
8/9/2012,MSFT,4.77E-05,4.67E-05,5.82E-05,4.44E-05,4.60E-05,2.37E-05,2.22E-05,5.81E-05,5.32E-05,5.47E-05,5.12E-05,5.13E-05,2.20E-05,2.92E-05
8/10/2012,MSFT,7.55E-05,8.49E-05,3.35E-05,8.61E-05,9.78E-05,3.80E-05,5.98E-05,2.98E-05,2.51E-05,5.28E-05,3.06E-05,5.52E-05,2.75E-05,2.77E-05
8/13/2012,MSFT,3.99E-05,4.67E-05,3.63E-05,4.49E-05,4.57E-05,2.64E-05,1.94E-05,2.93E-05,2.61E-05,2.86E-05,2.83E-05,3.71E-05,1.77E-05,1.94E-05
8/14/2012,MSFT,7.48E-05,8.55E-05,1.45E-05,7.49E-05,6.63E-05,3.10E-05,3.53E-05,2.89E-05,2.95E-05,1.73E-05,3.35E-05,3.71E-05,1.72E-05,1.99E-05
8/15/2012,MSFT,2.73E-05,2.75E-05,2.31E-05,2.82E-05,3.64E-05,2.15E-05,1.50E-05,3.39E-05,3.12E-05,2.16E-05,2.69E-05,2.95E-05,2.01E-05,9.48E-06
8/16/2012,MSFT,6.50E-05,6.87E-05,0.000119504,8.00E-05,8.89E-05,6.59E-05,2.30E-05,8.12E-05,9.92E-05,0.000128248,9.50E-05,9.13E-05,7.08E-05,2.05E-05
8/17/2012,MSFT,6.04E-05,3.25E-05,6.44E-05,4.07E-05,7.00E-05,3.12E-05,3.88E-05,5.56E-05,6.90E-05,5.52E-05,5.54E-05,5.74E-05,2.94E-05,2.80E-05
8/20/2012,MSFT,5.82E-05,5.12E-05,6.65E-05,5.02E-05,7.98E-05,2.52E-05,5.45E-05,4.48E-05,5.20E-05,6.01E-05,4.54E-05,7.53E-05,2.18E-05,5.35E-05
8/21/2012,MSFT,5.40E-05,5.46E-05,6.69E-05,6.02E-05,6.32E-05,3.23E-05,3.10E-05,6.86E-05,6.10E-05,8.15E-05,5.85E-05,6.75E-05,3.54E-05,3.22E-05
8/22/2012,MSFT,7.43E-05,8.51E-05,5.99E-05,7.87E-05,7.56E-05,4.05E-05,3.50E-05,6.82E-05,6.14E-05,2.60E-05,6.20E-05,7.18E-05,2.59E-05,4.58E-05
8/23/2012,MSFT,7.21E-05,6.65E-05,8.98E-05,6.79E-05,0.000108256,3.90E-05,6.93E-05,7.91E-05,7.46E-05,9.71E-05,7.33E-05,9.23E-05,3.18E-05,6.06E-05
8/24/2012,MSFT,5.42E-05,5.43E-05,4.69E-05,5.78E-05,6.10E-05,4.43E-05,1.67E-05,4.56E-05,3.98E-05,5.17E-05,4.66E-05,5.84E-05,4.73E-05,1.10E-05
8/27/2012,MSFT,3.16E-05,3.31E-05,5.01E-05,3.71E-05,4.87E-05,1.82E-05,3.05E-05,1.77E-05,1.25E-05,4.42E-05,1.64E-05,4.77E-05,9.69E-06,3.81E-05
8/28/2012,MSFT,4.40E-05,4.64E-05,3.76E-05,4.79E-05,6.18E-05,2.19E-05,3.99E-05,4.06E-05,2.82E-05,4.45E-05,3.45E-05,4.74E-05,1.48E-05,3.26E-05
8/29/2012,MSFT,3.71E-05,3.69E-05,4.48E-05,3.31E-05,3.37E-05,1.33E-05,2.04E-05,3.22E-05,3.95E-05,5.31E-05,3.63E-05,3.15E-05,1.08E-05,2.07E-05
8/30/2012,MSFT,6.15E-05,6.27E-05,4.26E-05,5.39E-05,5.66E-05,2.09E-05,3.56E-05,1.95E-05,1.83E-05,5.78E-05,2.40E-05,4.73E-05,8.16E-06,3.91E-05
8/31/2012,MSFT,0.00018575,0.000219666,0.000148947,0.000174639,0.000153699,8.05E-05,7.32E-05,0.000177157,0.000176503,0.000101154,0.000136567,0.000152283,7.92E-05,7.31E-05
9/4/2012,MSFT,9.27E-05,8.07E-05,0.000106806,8.44E-05,9.27E-05,4.08E-05,5.19E-05,8.96E-05,0.000105074,0.000122797,9.71E-05,9.03E-05,4.18E-05,4.85E-05
9/5/2012,MSFT,5.29E-05,5.98E-05,7.63E-05,6.95E-05,8.42E-05,5.63E-05,2.80E-05,4.83E-05,4.21E-05,7.10E-05,4.40E-05,6.14E-05,4.02E-05,2.12E-05
9/6/2012,MSFT,8.86E-05,8.50E-05,0.00013114,8.72E-05,0.000102346,8.90E-05,1.34E-05,9.96E-05,0.000112623,0.000179812,0.00010752,0.000115476,0.000105716,9.76E-06
9/7/2012,MSFT,7.56E-05,8.84E-05,0.000103671,8.31E-05,8.45E-05,3.88E-05,4.57E-05,8.92E-05,5.58E-05,7.79E-05,5.83E-05,7.42E-05,3.37E-05,4.04E-05
9/10/2012,MSFT,6.83E-05,7.49E-05,8.69E-05,8.04E-05,7.89E-05,3.52E-05,4.37E-05,4.63E-05,4.65E-05,7.20E-05,4.94E-05,5.35E-05,2.65E-05,2.70E-05
9/11/2012,MSFT,4.68E-05,4.99E-05,5.83E-05,5.82E-05,6.02E-05,3.34E-05,2.68E-05,5.22E-05,5.87E-05,5.32E-05,5.17E-05,5.28E-05,2.60E-05,2.67E-05
9/12/2012,MSFT,7.98E-05,6.83E-05,0.000100251,6.64E-05,7.26E-05,3.84E-05,3.43E-05,7.96E-05,7.07E-05,6.16E-05,7.72E-05,9.69E-05,5.90E-05,3.79E-05
9/13/2012,MSFT,0.000141268,0.000138635,0.000228022,0.000150855,0.000249831,9.31E-05,0.000156721,9.06E-05,8.96E-05,0.000211421,9.36E-05,0.000223115,7.40E-05,0.000149101
9/14/2012,MSFT,0.000108008,0.000113342,6.28E-05,0.000102363,9.97E-05,4.49E-05,5.48E-05,8.48E-05,6.09E-05,3.75E-05,6.21E-05,8.31E-05,4.71E-05,3.60E-05
9/17/2012,MSFT,4.25E-05,4.48E-05,5.32E-05,4.17E-05,4.22E-05,2.03E-05,2.19E-05,2.45E-05,2.85E-05,3.89E-05,2.96E-05,4.19E-05,1.52E-05,2.67E-05
9/18/2012,MSFT,2.57E-05,2.50E-05,2.19E-05,2.48E-05,2.89E-05,1.75E-05,1.14E-05,2.39E-05,1.99E-05,1.34E-05,2.00E-05,2.34E-05,1.37E-05,9.64E-06
9/19/2012,MSFT,4.11E-05,4.40E-05,7.45E-06,3.73E-05,3.31E-05,1.72E-05,1.58E-05,1.96E-05,1.90E-05,1.42E-05,1.97E-05,2.57E-05,1.55E-05,1.03E-05
9/20/2012,MSFT,7.36E-05,7.47E-05,0.000137059,7.23E-05,0.000105592,7.68E-05,2.88E-05,5.20E-05,6.04E-05,7.05E-05,7.93E-05,0.000114875,8.39E-05,3.10E-05
9/21/2012,MSFT,7.14E-05,7.14E-05,8.39E-05,8.14E-05,0.000102106,5.28E-05,4.93E-05,8.44E-05,8.03E-05,8.76E-05,8.50E-05,9.04E-05,4.59E-05,4.45E-05
9/24/2012,MSFT,4.90E-05,3.90E-05,5.63E-05,4.32E-05,4.97E-05,2.06E-05,2.92E-05,7.22E-05,8.05E-05,9.35E-05,6.84E-05,5.71E-05,1.87E-05,3.85E-05
9/25/2012,MSFT,7.54E-05,7.93E-05,0.000134946,8.63E-05,0.000107985,2.55E-05,8.25E-05,5.87E-05,5.49E-05,0.000175442,7.28E-05,0.000133189,1.84E-05,0.000114754
9/26/2012,MSFT,0.000103695,8.00E-05,5.26E-05,9.25E-05,0.000119536,5.86E-05,6.09E-05,9.66E-05,9.13E-05,7.93E-05,7.69E-05,7.55E-05,2.82E-05,4.73E-05
9/27/2012,MSFT,0.000134218,0.000135613,8.65E-05,0.000129339,0.00013159,6.30E-05,6.86E-05,9.59E-05,8.75E-05,9.06E-05,8.00E-05,0.000117499,5.28E-05,6.47E-05
9/28/2012,MSFT,8.38E-05,7.44E-05,9.97E-05,8.37E-05,9.16E-05,3.67E-05,5.48E-05,0.000111096,0.000127652,8.83E-05,0.000112626,0.000110811,3.95E-05,7.13E-05
10/1/2012,MSFT,0.000149112,0.000150393,0.000142208,0.000146904,0.00014439,7.09E-05,7.35E-05,0.000187495,0.00020737,0.000132838,0.000172952,0.000154262,6.95E-05,8.48E-05
10/2/2012,MSFT,6.51E-05,6.32E-05,5.57E-05,7.71E-05,9.15E-05,3.81E-05,5.35E-05,6.78E-05,6.61E-05,5.88E-05,6.15E-05,7.60E-05,3.37E-05,4.23E-05
10/3/2012,MSFT,7.94E-05,8.01E-05,7.16E-05,7.19E-05,6.93E-05,4.35E-05,2.58E-05,5.74E-05,6.91E-05,8.07E-05,6.54E-05,6.32E-05,4.21E-05,2.11E-05
10/4/2012,MSFT,0.000100289,0.000103978,0.000156186,0.000105212,0.000136907,4.82E-05,8.87E-05,7.99E-05,8.25E-05,0.000117185,7.57E-05,0.000149701,3.88E-05,0.000110858
10/5/2012,MSFT,7.54E-05,7.45E-05,0.000123012,8.22E-05,9.71E-05,2.39E-05,7.32E-05,7.66E-05,7.34E-05,0.000121671,8.66E-05,9.96E-05,1.89E-05,8.07E-05
10/8/2012,MSFT,5.54E-05,5.22E-05,3.50E-05,5.07E-05,5.19E-05,2.62E-05,2.57E-05,5.55E-05,5.69E-05,4.00E-05,4.89E-05,4.35E-05,2.34E-05,2.01E-05
10/9/2012,MSFT,6.92E-05,6.28E-05,5.53E-05,7.77E-05,0.000102428,2.22E-05,8.02E-05,5.69E-05,6.30E-05,9.60E-05,7.70E-05,8.48E-05,1.67E-05,6.80E-05
10/10/2012,MSFT,0.000118336,0.000148429,3.77E-05,0.00013502,0.000118762,4.52E-05,7.35E-05,9.35E-05,9.98E-05,2.62E-06,9.73E-05,9.22E-05,5.03E-05,4.19E-05
10/11/2012,MSFT,5.13E-05,5.18E-05,4.52E-05,5.11E-05,5.78E-05,2.26E-05,3.52E-05,3.42E-05,3.35E-05,5.87E-05,3.63E-05,4.67E-05,1.43E-05,3.24E-05
10/12/2012,MSFT,0.000109653,0.000110172,6.43E-05,9.05E-05,0.000103364,5.49E-05,4.84E-05,6.01E-05,5.85E-05,6.49E-05,6.00E-05,6.54E-05,3.43E-05,3.11E-05
10/15/2012,MSFT,8.99E-05,8.98E-05,0.000101358,9.62E-05,9.76E-05,5.12E-05,4.64E-05,7.69E-05,6.69E-05,7.47E-05,6.17E-05,7.29E-05,4.52E-05,2.77E-05
10/16/2012,MSFT,6.78E-05,6.76E-05,4.97E-05,6.39E-05,6.86E-05,4.09E-05,2.77E-05,5.08E-05,5.55E-05,3.54E-05,5.07E-05,4.51E-05,2.58E-05,1.93E-05
10/17/2012,MSFT,7.87E-05,8.83E-05,0.000103133,8.99E-05,0.000104374,5.72E-05,4.72E-05,9.46E-05,0.000103273,9.83E-05,8.36E-05,7.92E-05,6.36E-05,1.56E-05
10/18/2012,MSFT,0.000114217,0.000117664,0.000140325,0.000129381,0.000143934,6.99E-05,7.40E-05,0.000155344,0.000142675,0.000112543,0.000160285,0.000163252,7.40E-05,8.93E-05
10/19/2012,MSFT,0.000437424,0.000466277,0.000355059,0.000384777,0.000353468,0.000147716,0.000205752,0.00026509,0.000188476,0.000278959,0.000240128,0.000352196,0.000124278,0.000227918
10/22/2012,MSFT,0.000124569,8.96E-05,0.000193089,0.000114595,0.00019804,4.63E-05,0.000151762,0.000201242,0.000240332,0.000286657,0.000206368,0.000209628,3.08E-05,0.000178855
10/23/2012,MSFT,0.000203503,0.000216976,0.000181036,0.000200189,0.000187267,0.000113849,7.34E-05,0.000231425,0.0002396,0.000169981,0.000227222,0.00022427,0.000146238,7.80E-05
10/24/2012,MSFT,6.05E-05,4.97E-05,8.20E-05,5.26E-05,8.22E-05,2.71E-05,5.51E-05,4.29E-05,4.33E-05,7.36E-05,4.82E-05,6.33E-05,1.84E-05,4.49E-05
10/25/2012,MSFT,8.49E-05,8.09E-05,7.17E-05,9.13E-05,0.000124514,3.36E-05,9.09E-05,7.19E-05,5.43E-05,6.26E-05,6.59E-05,0.000102885,2.48E-05,7.81E-05
10/26/2012,MSFT,0.000164019,0.000198983,7.02E-05,0.000159184,0.00013925,8.83E-05,5.09E-05,7.98E-05,7.09E-05,0.000125813,6.68E-05,0.000100932,7.30E-05,2.79E-05
10/31/2012,MSFT,0.000154096,0.000158787,5.24E-05,0.000137621,0.000176682,9.63E-05,8.03E-05,0.000150354,0.000181259,0.000152389,0.000137936,0.000132805,8.73E-05,4.55E-05
11/1/2012,MSFT,9.77E-05,0.000100477,0.000154387,0.000105436,0.00011442,8.38E-05,3.06E-05,0.000171539,0.000157787,9.13E-05,0.000129625,0.000162185,0.000128163,3.40E-05
11/2/2012,MSFT,0.000159134,0.000140532,0.000145449,0.000136741,0.000159309,7.23E-05,8.70E-05,0.000159185,0.000188143,0.000104819,0.000174256,0.000164181,7.84E-05,8.58E-05
11/5/2012,MSFT,6.45E-05,6.48E-05,6.91E-05,6.70E-05,6.73E-05,2.96E-05,3.76E-05,9.17E-05,9.67E-05,9.23E-05,7.97E-05,7.53E-05,3.19E-05,4.34E-05
11/6/2012,MSFT,0.000141091,0.000167235,0.000134151,0.000168836,0.000162221,7.32E-05,8.90E-05,7.20E-05,6.36E-05,6.93E-05,7.18E-05,8.62E-05,4.32E-05,4.30E-05
11/7/2012,MSFT,0.000309181,0.000312425,0.000286108,0.000288775,0.00027935,0.000124144,0.000155206,0.000289327,0.000265424,0.000136539,0.000313295,0.000332885,0.000161261,0.000171624
11/8/2012,MSFT,0.000114231,9.98E-05,7.09E-05,0.000111626,0.000153965,8.88E-05,6.51E-05,9.30E-05,0.000107327,0.000104686,9.27E-05,9.80E-05,4.68E-05,5.12E-05
11/9/2012,MSFT,0.000132619,0.000149579,0.000162084,0.000144576,0.000142961,7.47E-05,6.83E-05,9.72E-05,0.000108377,0.000102839,0.000121026,0.000171369,0.00010087,7.05E-05
11/12/2012,MSFT,8.41E-05,7.25E-05,0.000171903,8.68E-05,0.00012865,2.65E-05,0.00010211,0.000113188,0.000117657,0.000215166,0.00010506,0.000155946,2.26E-05,0.000133374
11/13/2012,MSFT,0.00019479,0.000172257,8.90E-05,0.000161434,0.000179751,9.83E-05,8.14E-05,8.14E-05,7.14E-05,8.98E-05,6.99E-05,8.43E-05,4.66E-05,3.77E-05
11/14/2012,MSFT,4.14E-05,3.49E-05,7.08E-05,4.10E-05,7.49E-05,1.73E-05,5.76E-05,6.96E-05,8.47E-05,4.37E-05,6.59E-05,8.09E-05,1.89E-05,6.21E-05
11/15/2012,MSFT,8.65E-05,8.95E-05,5.67E-05,9.40E-05,0.000121611,4.65E-05,7.51E-05,7.67E-05,7.60E-05,3.15E-05,7.26E-05,7.73E-05,3.07E-05,4.66E-05
11/16/2012,MSFT,0.0001131,9.00E-05,9.02E-05,0.000102981,0.000124115,5.34E-05,7.07E-05,0.00011068,0.000101534,0.000110926,9.34E-05,8.73E-05,4.18E-05,4.55E-05
11/19/2012,MSFT,0.000175099,0.00016197,5.51E-05,0.000161236,0.000190523,8.99E-05,0.00010064,0.000109128,0.000135724,0.000123533,0.000123076,0.000112455,5.53E-05,5.72E-05
11/20/2012,MSFT,7.50E-05,7.09E-05,0.000106912,8.21E-05,0.000150367,3.99E-05,0.000110467,6.31E-05,6.05E-05,8.48E-05,7.44E-05,0.000120328,3.51E-05,8.52E-05
11/21/2012,MSFT,9.42E-05,9.40E-05,0.000122388,8.34E-05,8.83E-05,4.99E-05,3.84E-05,0.000141821,0.000152318,0.000144803,0.000127518,0.000111463,7.19E-05,3.95E-05
11/23/2012,MSFT,0.000147836,0.000141951,0.000136723,0.000140841,0.000153874,0.000102358,5.15E-05,8.13E-05,8.38E-05,0.000162333,9.91E-05,0.000115285,9.18E-05,2.35E-05
11/26/2012,MSFT,6.76E-05,7.61E-05,8.65E-05,7.18E-05,7.80E-05,3.57E-05,4.22E-05,4.70E-05,4.79E-05,5.82E-05,5.30E-05,9.08E-05,3.83E-05,5.25E-05
11/27/2012,MSFT,0.000113312,0.000122413,8.98E-05,0.000117293,0.000125851,6.08E-05,6.50E-05,6.02E-05,6.12E-05,3.88E-05,8.77E-05,0.000107077,3.88E-05,6.83E-05
11/28/2012,MSFT,0.000214078,0.000226054,0.000154409,0.000218609,0.000206935,0.000128994,7.79E-05,0.000181162,0.000205141,0.000183917,0.000200338,0.00020061,0.000123335,7.73E-05
11/29/2012,MSFT,8.63E-05,8.76E-05,0.000130016,9.15E-05,0.000110643,6.76E-05,4.30E-05,9.97E-05,8.98E-05,9.95E-05,8.25E-05,0.000132887,8.70E-05,4.59E-05
11/30/2012,MSFT,0.000138829,0.0001647,0.000128105,0.000146376,0.00014852,4.78E-05,0.000100743,6.42E-05,3.94E-05,9.73E-05,4.77E-05,7.99E-05,1.73E-05,6.26E-05
12/3/2012,MSFT,8.28E-05,8.24E-05,2.81E-05,8.04E-05,8.30E-05,2.58E-05,5.72E-05,5.87E-05,6.62E-05,5.01E-05,5.92E-05,5.33E-05,1.37E-05,3.95E-05
12/4/2012,MSFT,7.55E-05,8.89E-05,8.75E-05,8.28E-05,7.69E-05,3.39E-05,4.30E-05,6.77E-05,7.34E-05,5.34E-05,6.92E-05,7.38E-05,3.65E-05,3.73E-05
12/5/2012,MSFT,0.000127422,0.000141795,0.000209375,0.00016015,0.00019197,0.000132463,5.95E-05,0.000144696,0.000134785,0.000159433,0.000155831,0.000210889,0.000160064,5.08E-05
12/6/2012,MSFT,0.000155058,0.000173911,0.000118971,0.000159662,0.000176838,9.26E-05,8.43E-05,0.000135001,0.000113227,8.51E-05,0.000102276,0.000110083,4.71E-05,6.30E-05
12/7/2012,MSFT,0.000110437,9.59E-05,0.000148762,9.82E-05,0.000116899,3.92E-05,7.77E-05,0.000105869,8.24E-05,0.000124531,9.73E-05,0.000160228,3.29E-05,0.000127299
12/10/2012,MSFT,0.000119609,0.000123885,0.000111874,0.000123236,0.000133875,8.44E-05,4.95E-05,7.57E-05,7.69E-05,0.000194061,0.000100548,0.000134922,9.63E-05,3.86E-05
12/11/2012,MSFT,0.000110357,0.000100374,0.000133494,9.69E-05,9.97E-05,6.28E-05,3.68E-05,8.25E-05,6.92E-05,0.000122762,7.87E-05,0.000119348,8.34E-05,3.60E-05
12/12/2012,MSFT,0.000145547,0.000136776,0.000119434,0.000126821,0.000122144,5.47E-05,6.74E-05,0.00011149,0.000126679,0.000112112,0.000110924,0.00011681,4.49E-05,7.19E-05
12/13/2012,MSFT,0.000241862,0.000234715,0.000170973,0.00021452,0.000222757,0.000115785,0.000106971,0.000137908,0.000156583,0.000107994,0.000148859,0.000137344,6.04E-05,7.69E-05
12/14/2012,MSFT,0.000224945,0.000277594,9.59E-05,0.000232581,0.000212676,8.96E-05,0.000123069,0.000112461,0.000119626,7.90E-05,0.000146864,0.000219879,4.62E-05,0.000173719
12/17/2012,MSFT,0.000110257,0.00011644,0.000145034,0.000111944,0.000120343,8.54E-05,3.50E-05,6.72E-05,5.30E-05,0.000107393,7.38E-05,0.00013274,0.000106691,2.60E-05
12/18/2012,MSFT,8.90E-05,0.000102784,0.000125409,9.61E-05,9.61E-05,5.73E-05,3.88E-05,9.13E-05,9.88E-05,7.13E-05,0.000105575,0.000112825,6.97E-05,4.31E-05
12/19/2012,MSFT,5.22E-05,4.26E-05,4.98E-05,5.33E-05,6.95E-05,1.66E-05,5.29E-05,4.98E-05,4.70E-05,5.91E-05,4.84E-05,5.95E-05,1.42E-05,4.54E-05
12/20/2012,MSFT,0.000139165,0.00013615,0.000146453,0.000131219,0.000131631,7.32E-05,5.84E-05,0.000136373,9.45E-05,5.74E-05,0.000120443,0.00015728,8.16E-05,7.57E-05
12/21/2012,MSFT,0.000104437,0.000132718,0.000171432,0.000133661,0.000148922,0.000105124,4.38E-05,0.000142706,0.000166372,4.65E-05,0.000172162,0.000218366,0.000163233,5.51E-05
12/24/2012,MSFT,4.57E-05,4.84E-05,3.24E-05,4.19E-05,4.99E-05,2.03E-05,2.96E-05,2.95E-05,2.34E-05,4.04E-05,2.44E-05,3.68E-05,1.13E-05,2.55E-05
12/26/2012,MSFT,0.000129252,0.000120575,0.000148678,0.000127735,0.000139833,7.13E-05,6.85E-05,0.000171303,0.000173518,0.00011557,0.000171845,0.000171969,9.94E-05,7.26E-05
12/27/2012,MSFT,0.00012807,0.000124725,0.000139979,0.000129055,0.000132392,6.44E-05,6.80E-05,0.000112196,0.000101163,0.000159772,0.000105749,0.000135314,8.10E-05,5.43E-05
12/28/2012,MSFT,6.64E-05,7.64E-05,5.61E-05,6.55E-05,8.03E-05,2.97E-05,5.06E-05,4.31E-05,3.95E-05,7.11E-05,4.70E-05,6.90E-05,3.13E-05,3.77E-05
12/31/2012,MSFT,9.01E-05,0.000101209,0.000117606,0.0001062,0.00011799,7.39E-05,4.41E-05,0.000148003,0.000128545,0.000114681,0.00013121,0.00013928,7.82E-05,6.10E-05
1/2/2013,MSFT,0.000136671,0.000167326,0.000106439,0.000135372,0.00012883,8.88E-05,4.00E-05,4.74E-05,3.53E-05,9.00E-05,4.08E-05,0.000116581,9.75E-05,1.90E-05
1/3/2013,MSFT,7.60E-05,7.98E-05,0.000107105,8.64E-05,0.000104459,3.48E-05,6.96E-05,6.79E-05,4.74E-05,0.000122125,6.02E-05,0.000110474,3.54E-05,7.51E-05
1/4/2013,MSFT,0.000102661,0.000101974,9.49E-05,9.04E-05,9.24E-05,2.57E-05,6.67E-05,8.21E-05,7.33E-05,0.000113092,7.00E-05,0.000106051,1.28E-05,9.33E-05
1/7/2013,MSFT,3.69E-05,4.01E-05,6.66E-05,4.40E-05,5.17E-05,2.57E-05,2.59E-05,6.40E-05,5.43E-05,4.21E-05,6.07E-05,6.09E-05,2.86E-05,3.23E-05
1/8/2013,MSFT,6.27E-05,6.81E-05,6.69E-05,5.74E-05,5.67E-05,2.38E-05,3.29E-05,6.92E-05,8.70E-05,6.65E-05,7.56E-05,7.32E-05,2.77E-05,4.54E-05
1/9/2013,MSFT,3.30E-05,2.73E-05,4.43E-05,3.04E-05,3.94E-05,1.55E-05,2.38E-05,3.06E-05,3.23E-05,3.31E-05,3.22E-05,5.05E-05,1.70E-05,3.35E-05
1/10/2013,MSFT,0.000408475,0.000418229,0.000264336,0.000352473,0.000350003,0.000167918,0.000182085,0.000418171,0.000419453,0.000334523,0.000375736,0.000432974,0.000257126,0.000175848
1/11/2013,MSFT,0.000116984,0.000116772,0.000126816,0.000125891,0.00015459,7.52E-05,7.94E-05,9.65E-05,9.88E-05,0.000123297,0.000103022,0.000128938,8.57E-05,4.32E-05
1/14/2013,MSFT,6.45E-05,6.04E-05,9.01E-05,6.44E-05,9.13E-05,5.15E-05,3.98E-05,9.24E-05,9.10E-05,0.000100703,8.07E-05,8.52E-05,5.48E-05,3.04E-05
1/15/2013,MSFT,0.000162603,0.000151185,0.000209545,0.000147339,0.000161119,0.000116139,4.50E-05,8.70E-05,0.000107662,0.000148168,0.00011922,0.000203724,0.000163742,4.00E-05
1/16/2013,MSFT,8.51E-05,9.95E-05,6.77E-05,8.97E-05,0.000101387,4.25E-05,5.89E-05,7.23E-05,7.95E-05,1.21E-05,7.94E-05,7.66E-05,3.33E-05,4.33E-05
1/17/2013,MSFT,7.02E-05,8.48E-05,6.77E-05,7.59E-05,7.72E-05,3.60E-05,4.12E-05,6.06E-05,6.45E-05,5.09E-05,6.78E-05,8.99E-05,4.06E-05,4.92E-05
1/18/2013,MSFT,9.51E-05,7.87E-05,8.80E-05,8.37E-05,8.80E-05,4.77E-05,4.03E-05,0.00010334,0.000103845,3.61E-05,8.32E-05,7.50E-05,4.17E-05,3.33E-05
1/22/2013,MSFT,0.000126717,0.000144893,0.000121184,0.000135562,0.000147374,6.43E-05,8.31E-05,5.05E-05,5.83E-05,6.15E-05,7.56E-05,0.000111828,4.90E-05,6.28E-05
1/23/2013,MSFT,7.72E-05,6.84E-05,0.000110912,7.28E-05,9.58E-05,6.54E-05,3.04E-05,9.71E-05,9.81E-05,0.000160658,9.26E-05,0.000101571,7.93E-05,2.23E-05
1/24/2013,MSFT,0.000110347,0.00011257,9.98E-05,0.000112382,0.000122133,5.96E-05,6.25E-05,8.48E-05,6.52E-05,0.000132841,7.37E-05,0.000111815,5.18E-05,6.01E-05
1/25/2013,MSFT,0.000284971,0.000323343,0.000549054,0.000324903,0.000353936,0.000222575,0.000131362,0.000252915,0.000263058,0.000522436,0.000345832,0.000429923,0.000296766,0.000133157
1/28/2013,MSFT,0.000152156,0.000165497,0.00015441,0.000151289,0.000143564,7.03E-05,7.32E-05,0.000184656,0.000151149,7.52E-05,0.000134322,0.000170094,8.73E-05,8.28E-05
1/29/2013,MSFT,0.000119647,0.000123192,0.000125283,0.000120055,0.000126919,7.22E-05,5.48E-05,7.99E-05,6.81E-05,7.41E-05,7.66E-05,0.000120595,7.21E-05,4.85E-05
1/30/2013,MSFT,7.40E-05,6.40E-05,8.70E-05,7.61E-05,9.39E-05,4.10E-05,5.30E-05,0.000115643,9.39E-05,9.76E-05,9.81E-05,0.000103071,5.32E-05,4.99E-05
1/31/2013,MSFT,0.000161688,0.000190214,0.000137902,0.000169861,0.000159865,7.50E-05,8.49E-05,8.73E-05,0.000109213,7.36E-05,8.64E-05,8.49E-05,2.65E-05,5.83E-05
2/1/2013,MSFT,0.000109922,0.000123761,0.000106059,0.000107468,9.78E-05,6.09E-05,3.69E-05,9.21E-05,7.66E-05,0.000100588,8.22E-05,9.51E-05,6.95E-05,2.56E-05
2/4/2013,MSFT,0.000121021,0.000127675,0.000111518,0.000141185,0.00018643,4.16E-05,0.00014479,0.000133351,9.45E-05,9.36E-05,9.75E-05,0.000148501,4.03E-05,0.000108247
2/5/2013,MSFT,9.28E-05,9.29E-05,0.000121703,8.29E-05,9.07E-05,3.39E-05,5.68E-05,7.07E-05,6.55E-05,8.01E-05,7.69E-05,0.000110875,3.53E-05,7.56E-05
2/6/2013,MSFT,3.75E-05,3.75E-05,4.77E-05,3.93E-05,5.28E-05,2.36E-05,2.92E-05,2.69E-05,2.32E-05,3.99E-05,2.98E-05,5.47E-05,2.30E-05,3.18E-05
2/7/2013,MSFT,6.02E-05,6.09E-05,2.64E-05,6.60E-05,7.84E-05,3.33E-05,4.50E-05,4.79E-05,3.92E-05,4.47E-05,4.32E-05,5.91E-05,3.10E-05,2.81E-05
2/8/2013,MSFT,5.90E-05,4.33E-05,8.16E-05,5.48E-05,7.65E-05,5.55E-05,2.10E-05,7.31E-05,5.23E-05,4.53E-05,6.42E-05,8.39E-05,6.62E-05,1.77E-05
2/11/2013,MSFT,5.27E-05,5.70E-05,4.41E-05,4.91E-05,4.43E-05,2.64E-05,1.80E-05,4.64E-05,4.63E-05,7.89E-05,4.08E-05,4.18E-05,2.55E-05,1.63E-05
2/12/2013,MSFT,4.56E-05,4.20E-05,5.49E-05,4.43E-05,5.37E-05,2.46E-05,2.91E-05,5.60E-05,5.47E-05,4.99E-05,4.95E-05,5.01E-05,2.13E-05,2.88E-05
2/13/2013,MSFT,6.19E-05,7.06E-05,4.70E-05,6.19E-05,5.67E-05,3.48E-05,2.20E-05,3.53E-05,3.15E-05,6.79E-05,3.84E-05,5.61E-05,3.58E-05,2.04E-05
2/14/2013,MSFT,2.53E-05,2.16E-05,1.58E-05,2.02E-05,2.33E-05,1.34E-05,9.90E-06,1.69E-05,1.97E-05,1.99E-05,1.74E-05,1.87E-05,1.20E-05,6.68E-06
2/15/2013,MSFT,6.41E-05,6.61E-05,4.37E-05,6.23E-05,6.30E-05,3.11E-05,3.19E-05,6.17E-05,6.55E-05,2.91E-05,5.98E-05,5.93E-05,3.58E-05,2.35E-05
2/19/2013,MSFT,2.60E-05,2.05E-05,3.86E-05,2.79E-05,4.89E-05,2.80E-05,2.09E-05,4.54E-05,5.01E-05,1.41E-05,4.82E-05,4.51E-05,3.01E-05,1.50E-05
2/20/2013,MSFT,9.04E-05,8.39E-05,6.29E-05,0.000100473,0.000104199,3.97E-05,6.45E-05,4.81E-05,5.46E-05,1.27E-05,5.35E-05,5.63E-05,1.77E-05,3.86E-05
2/21/2013,MSFT,6.45E-05,5.51E-05,5.82E-05,6.18E-05,7.01E-05,2.35E-05,4.66E-05,8.90E-05,9.73E-05,3.36E-05,8.00E-05,6.98E-05,2.48E-05,4.51E-05
2/22/2013,MSFT,0.000121568,0.000143389,4.32E-05,0.000125448,0.000104184,4.81E-05,5.61E-05,3.80E-05,2.47E-05,5.23E-05,4.15E-05,8.75E-05,3.28E-05,5.47E-05
2/25/2013,MSFT,7.73E-05,8.71E-05,7.45E-05,8.55E-05,8.77E-05,2.12E-05,6.65E-05,4.09E-05,4.03E-05,0.000105422,4.07E-05,8.41E-05,6.84E-06,7.73E-05
2/26/2013,MSFT,5.54E-05,5.94E-05,3.12E-05,5.31E-05,5.09E-05,2.09E-05,3.01E-05,3.62E-05,4.26E-05,3.29E-05,3.24E-05,3.01E-05,1.63E-05,1.38E-05
2/27/2013,MSFT,6.19E-05,4.87E-05,8.48E-05,5.29E-05,8.96E-05,5.31E-05,3.65E-05,6.69E-05,6.66E-05,0.00012192,6.38E-05,7.86E-05,4.37E-05,3.49E-05
2/28/2013,MSFT,6.02E-05,5.88E-05,3.53E-05,5.34E-05,6.15E-05,3.08E-05,3.07E-05,4.03E-05,4.28E-05,3.06E-05,3.72E-05,3.59E-05,1.52E-05,2.07E-05
3/1/2013,MSFT,0.000116011,0.000121567,0.000134521,0.000107356,9.92E-05,5.92E-05,4.00E-05,0.000112923,8.76E-05,0.000154185,8.96E-05,0.000121318,7.38E-05,4.75E-05
3/4/2013,MSFT,5.66E-05,5.27E-05,7.41E-05,5.12E-05,5.79E-05,3.12E-05,2.67E-05,4.57E-05,3.97E-05,9.43E-05,4.39E-05,7.96E-05,3.30E-05,4.67E-05
3/5/2013,MSFT,9.60E-05,8.13E-05,4.45E-05,7.88E-05,9.73E-05,5.63E-05,4.10E-05,4.84E-05,4.79E-05,4.64E-05,4.94E-05,5.28E-05,2.99E-05,2.29E-05
3/6/2013,MSFT,0.000221119,0.000225459,0.000242856,0.000188018,0.000194852,5.89E-05,0.000135952,9.78E-05,9.52E-05,0.000187216,0.000160164,0.000302768,6.84E-05,0.000234397
3/7/2013,MSFT,5.56E-05,4.96E-05,4.74E-05,4.98E-05,5.60E-05,2.84E-05,2.76E-05,4.62E-05,5.00E-05,3.67E-05,4.72E-05,4.45E-05,2.24E-05,2.21E-05
3/8/2013,MSFT,3.45E-05,3.18E-05,4.73E-05,3.49E-05,4.17E-05,1.45E-05,2.72E-05,3.30E-05,3.82E-05,6.47E-05,3.63E-05,4.50E-05,1.52E-05,2.99E-05
3/11/2013,MSFT,5.25E-05,4.45E-05,6.26E-05,4.86E-05,6.23E-05,2.86E-05,3.38E-05,6.52E-05,6.40E-05,5.66E-05,6.18E-05,7.16E-05,3.30E-05,3.86E-05
3/12/2013,MSFT,7.11E-05,7.22E-05,3.74E-05,6.86E-05,6.88E-05,3.65E-05,3.23E-05,5.00E-05,4.67E-05,3.97E-05,4.78E-05,4.99E-05,2.76E-05,2.24E-05
3/13/2013,MSFT,4.63E-05,5.26E-05,6.07E-05,5.08E-05,5.33E-05,2.39E-05,2.94E-05,5.38E-05,4.73E-05,6.09E-05,5.74E-05,6.97E-05,3.07E-05,3.90E-05
3/14/2013,MSFT,2.02E-05,2.26E-05,1.86E-05,2.14E-05,2.41E-05,1.47E-05,9.45E-06,2.60E-05,2.63E-05,1.58E-05,2.42E-05,2.37E-05,1.38E-05,9.88E-06
3/15/2013,MSFT,1.75E-05,1.69E-05,1.13E-05,1.67E-05,1.76E-05,9.80E-06,7.84E-06,1.88E-05,2.16E-05,1.06E-05,1.97E-05,2.00E-05,1.04E-05,9.61E-06
3/18/2013,MSFT,5.64E-05,5.06E-05,7.50E-05,4.82E-05,5.41E-05,3.56E-05,1.85E-05,7.55E-05,6.32E-05,0.000103201,5.61E-05,6.07E-05,4.46E-05,1.61E-05
3/19/2013,MSFT,6.20E-05,7.15E-05,1.86E-05,7.26E-05,6.88E-05,3.54E-05,3.34E-05,4.14E-05,4.41E-05,1.45E-05,4.21E-05,4.54E-05,2.99E-05,1.54E-05
3/20/2013,MSFT,6.47E-05,7.01E-05,5.44E-05,7.23E-05,8.68E-05,4.07E-05,4.60E-05,7.48E-05,5.91E-05,4.79E-05,5.95E-05,6.70E-05,2.98E-05,3.71E-05
3/21/2013,MSFT,8.12E-05,7.76E-05,5.68E-05,7.42E-05,8.53E-05,4.30E-05,4.23E-05,0.000130633,0.000118638,8.64E-05,9.62E-05,9.12E-05,5.16E-05,3.96E-05
3/22/2013,MSFT,2.57E-05,2.10E-05,2.03E-05,2.42E-05,3.27E-05,1.63E-05,1.64E-05,2.72E-05,2.54E-05,2.70E-05,2.50E-05,2.75E-05,1.51E-05,1.25E-05
3/25/2013,MSFT,9.83E-05,0.000109792,6.19E-05,0.000101943,9.23E-05,4.13E-05,5.10E-05,7.51E-05,6.54E-05,6.54E-05,6.27E-05,7.01E-05,3.36E-05,3.65E-05
3/26/2013,MSFT,3.03E-05,2.86E-05,1.34E-05,2.97E-05,3.40E-05,1.11E-05,2.29E-05,2.01E-05,1.85E-05,1.89E-05,1.92E-05,2.31E-05,6.63E-06,1.64E-05
3/27/2013,MSFT,2.41E-05,2.29E-05,3.96E-05,2.54E-05,3.08E-05,2.05E-05,1.03E-05,2.93E-05,2.45E-05,3.92E-05,2.78E-05,3.98E-05,2.92E-05,1.06E-05
3/28/2013,MSFT,6.16E-05,6.00E-05,4.89E-05,7.06E-05,8.96E-05,6.59E-05,2.37E-05,4.09E-05,3.80E-05,6.25E-05,4.01E-05,4.68E-05,3.34E-05,1.34E-05
4/1/2013,MSFT,4.13E-05,4.23E-05,2.01E-05,3.97E-05,4.18E-05,1.76E-05,2.42E-05,1.07E-05,1.11E-05,2.10E-05,1.30E-05,1.86E-05,8.98E-06,9.58E-06
4/2/2013,MSFT,4.23E-05,4.52E-05,2.38E-05,3.95E-05,3.74E-05,2.33E-05,1.41E-05,3.57E-05,4.11E-05,3.66E-05,3.04E-05,3.23E-05,2.50E-05,7.29E-06
4/3/2013,MSFT,7.21E-05,7.34E-05,7.41E-05,7.53E-05,7.67E-05,3.80E-05,3.87E-05,7.95E-05,0.000100886,4.83E-05,8.14E-05,7.76E-05,3.23E-05,4.54E-05
4/4/2013,MSFT,4.58E-05,5.03E-05,3.50E-05,4.70E-05,5.01E-05,3.06E-05,1.95E-05,2.95E-05,3.14E-05,3.27E-05,3.05E-05,3.40E-05,2.59E-05,8.07E-06
4/5/2013,MSFT,6.52E-05,6.58E-05,8.58E-05,6.95E-05,8.31E-05,6.22E-05,2.08E-05,5.65E-05,5.21E-05,9.32E-05,5.30E-05,7.77E-05,6.70E-05,1.08E-05
4/8/2013,MSFT,3.37E-05,3.33E-05,3.76E-05,3.77E-05,4.50E-05,1.96E-05,2.54E-05,3.11E-05,3.34E-05,3.04E-05,3.41E-05,3.94E-05,1.91E-05,2.03E-05
4/9/2013,MSFT,0.000268108,0.000229809,0.000236598,0.000237296,0.000264834,0.00016986,9.50E-05,0.000243439,0.000246756,0.000276752,0.000208836,0.000220597,0.000178229,4.24E-05
4/10/2013,MSFT,0.000161276,0.000163802,0.000255918,0.000166432,0.000174689,0.000125583,4.91E-05,0.000245313,0.000187813,0.000172286,0.000201962,0.000255734,0.000199537,5.62E-05
4/11/2013,MSFT,0.000137905,0.000165596,0.000139,0.000137995,0.000137704,6.14E-05,7.63E-05,8.94E-05,6.26E-05,0.000188249,8.21E-05,0.000160122,7.83E-05,8.18E-05
4/12/2013,MSFT,0.000133514,0.00013195,5.71E-06,0.000108742,0.000108914,5.95E-05,4.94E-05,7.85E-05,7.68E-05,6.09E-05,6.92E-05,7.37E-05,3.92E-05,3.45E-05
4/15/2013,MSFT,0.000138536,0.000162378,0.000151961,0.000135626,0.000116962,6.06E-05,5.64E-05,0.000121389,9.75E-05,0.000118268,0.000112463,0.000135295,7.35E-05,6.18E-05
4/16/2013,MSFT,0.000159405,0.000165773,0.000162133,0.00014775,0.000157307,7.62E-05,8.12E-05,0.000106719,9.74E-05,0.000154367,9.34E-05,0.00013234,8.15E-05,5.08E-05
4/17/2013,MSFT,0.000185742,0.000220713,0.000171412,0.000204512,0.000179162,9.43E-05,8.49E-05,0.000127043,0.000123672,7.98E-05,0.000142127,0.000159446,0.000101973,5.75E-05
4/18/2013,MSFT,8.39E-05,7.12E-05,0.000208293,9.50E-05,0.000197508,5.43E-05,0.000143159,6.36E-05,6.10E-05,0.000155553,0.000108474,0.000199243,4.21E-05,0.000157146
4/19/2013,MSFT,0.000397271,0.000437764,0.000407656,0.000354097,0.000337853,0.000231064,0.000106789,0.000174736,0.000190422,0.000329464,0.000258615,0.000489282,0.000391927,9.74E-05
4/22/2013,MSFT,0.000364398,0.000439574,0.000686041,0.000445701,0.000561964,0.00042266,0.000139305,0.000251135,0.000263302,0.000443204,0.000376105,0.000792408,0.000688806,0.000103603
4/23/2013,MSFT,0.000453479,0.000442795,3.24E-05,0.0002854,0.000326981,0.000164826,0.000162155,0.000445284,0.000422639,9.56E-06,0.000271857,0.000329508,0.000160541,0.000168967
4/24/2013,MSFT,8.23E-05,4.11E-05,0.000205771,7.31E-05,0.000195782,0.000165934,2.98E-05,0.000119516,0.000126116,0.00018758,0.000145686,0.000210941,0.000180589,3.04E-05
4/25/2013,MSFT,0.000469113,0.000432852,0.00066283,0.000478282,0.000472431,0.000300312,0.000172119,0.000635089,0.000673046,0.000949292,0.000570319,0.00050618,0.000333805,0.000172375
4/26/2013,MSFT,0.000143155,0.000122425,0.000129607,0.000123468,0.000138102,5.77E-05,8.04E-05,0.000131948,0.000146519,0.000152874,0.000123874,0.000114656,5.20E-05,6.27E-05
4/29/2013,MSFT,0.000127003,0.000122441,0.000254829,0.000138134,0.000248008,0.000201836,4.62E-05,5.81E-05,5.79E-05,0.000261612,6.47E-05,0.000252131,0.000229633,2.25E-05
4/30/2013,MSFT,0.000186572,0.00020584,0.000200419,0.000195009,0.000190179,0.00011396,7.62E-05,0.000200943,0.000242432,3.70E-05,0.000194682,0.000166209,0.000111293,5.49E-05
5/1/2013,MSFT,0.000174958,0.000220654,0.000148105,0.000195029,0.000179718,8.92E-05,9.05E-05,0.000170641,0.000159663,8.43E-05,0.000144026,0.000150823,7.11E-05,7.98E-05
5/2/2013,MSFT,8.07E-05,7.87E-05,3.96E-05,7.90E-05,8.68E-05,6.30E-05,2.38E-05,4.09E-05,4.40E-05,6.19E-05,4.96E-05,6.15E-05,5.05E-05,1.10E-05
5/3/2013,MSFT,4.19E-05,4.80E-05,4.31E-05,4.52E-05,4.51E-05,2.50E-05,2.01E-05,3.92E-05,5.07E-05,4.62E-05,4.38E-05,4.13E-05,2.94E-05,1.18E-05
5/6/2013,MSFT,0.000101777,0.000116199,6.65E-05,9.69E-05,9.01E-05,5.30E-05,3.70E-05,8.36E-05,8.28E-05,0.000114433,7.06E-05,7.04E-05,5.10E-05,1.94E-05
5/7/2013,MSFT,8.00E-05,9.34E-05,4.10E-05,9.17E-05,8.75E-05,3.73E-05,5.02E-05,0.000100987,9.20E-05,6.93E-05,8.46E-05,8.12E-05,3.07E-05,5.05E-05
5/8/2013,MSFT,0.000117559,0.000111473,0.000174054,0.000116861,0.000145037,6.01E-05,8.49E-05,9.47E-05,8.31E-05,0.000133419,0.000101528,0.000190244,5.51E-05,0.000135169
5/9/2013,MSFT,0.000119366,0.000135277,0.000101653,0.000120382,0.000123716,5.41E-05,6.96E-05,0.000137454,0.00013476,9.70E-05,0.000120603,0.000128854,6.51E-05,6.38E-05
5/10/2013,MSFT,8.14E-05,6.95E-05,6.88E-05,9.88E-05,0.000154057,5.98E-05,9.43E-05,0.000127032,0.000120074,7.45E-06,0.000114591,0.000114565,5.38E-05,6.07E-05
5/13/2013,MSFT,7.72E-05,5.99E-05,9.99E-05,7.05E-05,9.50E-05,6.57E-05,2.93E-05,9.22E-05,8.87E-05,0.000127073,9.54E-05,0.000106468,8.43E-05,2.22E-05
5/14/2013,MSFT,0.000204982,0.000163431,0.000163857,0.000164691,0.000190555,0.000128599,6.20E-05,0.000178147,0.000163087,0.000220803,0.000154942,0.00016997,0.000138001,3.20E-05
5/15/2013,MSFT,7.18E-05,7.17E-05,6.85E-05,6.70E-05,6.61E-05,4.38E-05,2.24E-05,6.55E-05,6.28E-05,7.68E-05,5.93E-05,5.85E-05,4.32E-05,1.53E-05
5/16/2013,MSFT,8.37E-05,8.55E-05,0.000153649,9.53E-05,0.000125771,0.000100487,2.53E-05,0.000131156,0.000101323,0.000223674,0.000119728,0.000180568,0.000151429,2.91E-05
5/17/2013,MSFT,8.68E-05,8.97E-05,6.67E-05,7.48E-05,7.21E-05,5.32E-05,1.89E-05,8.29E-05,7.08E-05,8.15E-05,6.42E-05,7.77E-05,6.26E-05,1.51E-05
5/20/2013,MSFT,6.81E-05,6.39E-05,7.67E-05,6.72E-05,7.72E-05,5.78E-05,1.94E-05,5.64E-05,7.16E-05,7.95E-05,6.02E-05,7.02E-05,5.49E-05,1.53E-05
5/21/2013,MSFT,9.87E-05,0.000100238,0.000106648,9.16E-05,8.63E-05,3.13E-05,5.50E-05,0.000133613,0.000149234,2.91E-05,0.00013623,0.000124206,4.37E-05,8.05E-05
5/22/2013,MSFT,0.00011957,0.000113655,0.00025219,0.000133195,0.000203884,8.17E-05,0.000122198,0.000169468,0.000121298,0.000321989,0.000121873,0.000254068,8.07E-05,0.000173418
5/23/2013,MSFT,0.000234551,0.000279938,0.000268006,0.000250518,0.000237988,0.00013418,0.000103809,0.000166814,0.000108132,0.000136389,0.000136031,0.000196217,8.88E-05,0.000107408
5/24/2013,MSFT,5.49E-05,6.24E-05,6.48E-05,6.33E-05,6.42E-05,4.38E-05,2.05E-05,2.92E-05,3.02E-05,6.86E-05,3.97E-05,6.36E-05,4.85E-05,1.51E-05
5/28/2013,MSFT,0.000252544,0.000248698,0.000266581,0.000212307,0.000192492,0.000123672,6.88E-05,0.000307656,0.000346938,0.000346996,0.000268797,0.00028481,0.000208857,7.60E-05
5/29/2013,MSFT,0.00010342,9.72E-05,8.36E-05,0.000110667,0.000122802,7.28E-05,5.00E-05,6.87E-05,6.97E-05,0.0001417,7.43E-05,0.000111063,7.62E-05,3.48E-05
5/30/2013,MSFT,8.89E-05,7.10E-05,7.35E-05,7.24E-05,7.97E-05,4.79E-05,3.18E-05,0.000116477,0.000127895,0.000144167,9.59E-05,8.71E-05,6.03E-05,2.67E-05
5/31/2013,MSFT,6.28E-05,6.10E-05,9.76E-05,7.56E-05,9.54E-05,4.85E-05,4.69E-05,8.86E-05,8.12E-05,8.35E-05,7.68E-05,9.61E-05,4.43E-05,5.18E-05
6/3/2013,MSFT,8.19E-05,8.72E-05,9.42E-05,8.63E-05,8.96E-05,6.31E-05,2.65E-05,4.86E-05,5.94E-05,0.000121584,7.20E-05,0.000100285,8.24E-05,1.79E-05
6/4/2013,MSFT,0.000145408,0.000156011,0.000141167,0.000152063,0.000173849,7.23E-05,0.000101519,0.000183788,0.000104351,0.000125667,0.000140836,0.000194312,4.79E-05,0.000146369
6/5/2013,MSFT,9.76E-05,0.000111027,8.37E-05,0.000105771,0.000105262,5.64E-05,4.89E-05,7.02E-05,7.86E-05,5.09E-05,9.96E-05,0.000109809,7.64E-05,3.34E-05
6/6/2013,MSFT,0.000106976,9.53E-05,0.000143595,0.000104472,0.000127529,7.39E-05,5.36E-05,0.000145,0.000156516,0.000181069,0.000142887,0.00014475,8.66E-05,5.82E-05
6/7/2013,MSFT,0.000100293,0.00010728,7.59E-05,0.000104023,0.000103605,6.21E-05,4.15E-05,7.66E-05,8.60E-05,4.47E-05,8.98E-05,0.000107065,7.97E-05,2.73E-05
6/10/2013,MSFT,8.07E-05,8.60E-05,6.17E-05,8.41E-05,8.53E-05,4.24E-05,4.30E-05,9.98E-05,9.60E-05,4.32E-05,9.60E-05,9.12E-05,4.38E-05,4.74E-05
6/11/2013,MSFT,7.50E-05,7.74E-05,0.000123502,8.59E-05,9.96E-05,4.51E-05,5.45E-05,6.84E-05,8.27E-05,9.44E-05,7.63E-05,8.41E-05,4.60E-05,3.81E-05
6/12/2013,MSFT,5.70E-05,5.86E-05,2.85E-05,5.60E-05,5.22E-05,2.37E-05,2.85E-05,5.45E-05,6.02E-05,1.52E-05,5.22E-05,5.00E-05,2.26E-05,2.74E-05
6/13/2013,MSFT,6.87E-05,7.85E-05,8.27E-05,5.94E-05,5.56E-05,1.69E-05,3.87E-05,7.52E-05,7.48E-05,0.000105098,7.22E-05,8.17E-05,1.81E-05,6.36E-05
6/14/2013,MSFT,4.20E-05,4.18E-05,3.86E-05,4.21E-05,6.29E-05,2.04E-05,4.26E-05,1.67E-05,1.58E-05,3.93E-05,2.48E-05,4.45E-05,8.82E-06,3.57E-05
6/17/2013,MSFT,6.65E-05,6.10E-05,0.00010364,6.85E-05,8.59E-05,4.91E-05,3.68E-05,4.89E-05,4.89E-05,0.000101458,6.11E-05,9.10E-05,4.52E-05,4.58E-05
6/18/2013,MSFT,3.94E-05,4.47E-05,2.70E-05,3.82E-05,3.98E-05,1.99E-05,1.99E-05,4.33E-05,4.79E-05,4.50E-06,3.94E-05,3.60E-05,1.80E-05,1.80E-05
6/19/2013,MSFT,0.000109683,9.37E-05,8.70E-05,0.000100397,0.000104835,2.94E-05,7.55E-05,8.15E-05,8.74E-05,0.000152863,8.81E-05,0.000102497,2.80E-05,7.45E-05
6/20/2013,MSFT,0.000222677,0.000216331,0.000124684,0.000193521,0.000199178,7.74E-05,0.000121773,0.000198038,0.000213715,9.14E-05,0.000176952,0.0001786,5.10E-05,0.00012755
6/21/2013,MSFT,0.000260215,0.000294933,0.000268861,0.000290534,0.000281347,0.000106622,0.000174725,0.000260095,0.000214062,0.000268837,0.000188922,0.00024845,8.88E-05,0.000159634
6/24/2013,MSFT,0.000243447,0.000263124,0.000233652,0.000262176,0.000256234,0.000148006,0.000108228,0.000235437,0.000211759,0.00026679,0.000241343,0.000297907,0.000163495,0.000134411
6/25/2013,MSFT,0.00027093,0.000274068,0.000192356,0.00024981,0.000243762,9.78E-05,0.000145966,0.00017732,0.000229461,0.000209256,0.000171925,0.000136805,3.52E-05,0.00010158
6/26/2013,MSFT,0.000134145,0.000116825,0.000132851,0.000117632,0.000128756,6.77E-05,6.10E-05,0.000196987,0.000192115,3.88E-05,0.000160912,0.00015154,8.42E-05,6.73E-05
6/27/2013,MSFT,6.56E-05,6.54E-05,7.18E-05,6.74E-05,9.37E-05,6.51E-05,2.86E-05,0.000105217,9.81E-05,6.85E-05,8.16E-05,7.93E-05,4.92E-05,3.01E-05
6/28/2013,MSFT,9.66E-05,0.000108229,0.00018117,0.000105491,0.000114165,6.94E-05,4.48E-05,0.00011015,0.000119756,0.000197763,0.00011864,0.000156515,0.000101856,5.47E-05
7/1/2013,MSFT,8.50E-05,8.92E-05,0.000106527,8.74E-05,9.07E-05,3.11E-05,5.96E-05,6.59E-05,6.40E-05,0.000109888,7.17E-05,9.01E-05,1.95E-05,7.06E-05
7/2/2013,MSFT,0.000153224,0.0001295,0.000186015,0.000148022,0.000186437,6.61E-05,0.000120346,0.000184205,0.000187862,9.57E-05,0.00018307,0.000208767,6.01E-05,0.000148622
7/3/2013,MSFT,0.00010644,0.000118344,9.89E-05,0.0001075,0.0001043,6.63E-05,3.80E-05,9.46E-05,7.36E-05,0.000128044,8.89E-05,0.000114216,7.28E-05,4.15E-05
7/5/2013,MSFT,0.000141518,0.000140175,0.000148971,0.000133824,0.000161674,6.66E-05,9.51E-05,0.000129803,9.82E-05,0.000112952,0.000109124,0.000147669,6.08E-05,8.68E-05
7/8/2013,MSFT,0.000113259,0.000114662,0.000134673,0.000109383,0.0001045,5.38E-05,5.07E-05,0.000134389,0.000155856,0.000155709,0.00012953,0.000120919,5.88E-05,6.21E-05
7/9/2013,MSFT,7.34E-05,8.86E-05,0.000116315,8.07E-05,7.46E-05,3.02E-05,4.44E-05,6.86E-05,7.41E-05,0.000133886,7.57E-05,8.12E-05,2.78E-05,5.35E-05
7/10/2013,MSFT,0.000130572,0.000137729,9.34E-05,0.00012554,0.000141869,8.98E-05,5.21E-05,0.000109542,0.000112425,0.000136095,0.00012435,0.00013407,8.02E-05,5.38E-05
7/11/2013,MSFT,0.000196204,0.000199804,0.000159295,0.000181042,0.000158984,9.47E-05,6.43E-05,0.000189594,0.000164444,5.30E-05,0.00014564,0.000166272,0.000125788,4.05E-05
7/12/2013,MSFT,7.58E-05,6.86E-05,9.37E-05,6.46E-05,7.77E-05,3.34E-05,4.44E-05,5.34E-05,5.93E-05,6.47E-05,7.06E-05,8.23E-05,3.87E-05,4.37E-05
7/15/2013,MSFT,8.62E-05,8.01E-05,6.09E-05,7.08E-05,8.08E-05,5.23E-05,2.85E-05,6.93E-05,7.50E-05,8.75E-05,6.93E-05,6.01E-05,4.69E-05,1.32E-05
7/16/2013,MSFT,4.63E-05,3.85E-05,6.29E-05,4.51E-05,6.09E-05,3.72E-05,2.37E-05,7.95E-05,8.74E-05,4.66E-05,7.26E-05,7.19E-05,4.50E-05,2.70E-05
7/17/2013,MSFT,0.000124634,0.000134938,0.000116798,0.000123674,0.000112543,3.70E-05,7.56E-05,0.000119421,0.000113718,0.000191983,0.000100842,0.000102745,2.64E-05,7.64E-05
7/18/2013,MSFT,8.40E-05,7.58E-05,0.000127512,8.26E-05,0.000112517,3.87E-05,7.39E-05,7.04E-05,6.93E-05,0.000126353,8.39E-05,0.00010706,3.42E-05,7.29E-05
7/19/2013,MSFT,0.000580383,0.000652647,0.000710851,0.000590303,0.000578855,0.000230275,0.00034858,0.000754059,0.000648327,0.000746058,0.000657351,0.000694814,0.000235596,0.000459218
7/22/2013,MSFT,0.000157471,0.000167825,9.48E-05,0.00015623,0.000149519,7.49E-05,7.46E-05,0.000121064,0.000123315,4.18E-05,0.00010234,9.73E-05,5.89E-05,3.83E-05
7/23/2013,MSFT,7.81E-05,8.45E-05,7.93E-05,9.33E-05,0.000111845,4.22E-05,6.96E-05,0.00013171,0.00016715,9.83E-05,0.000131066,0.000103522,4.19E-05,6.17E-05
7/24/2013,MSFT,5.96E-05,6.65E-05,3.03E-05,7.35E-05,7.44E-05,2.91E-05,4.53E-05,6.80E-05,8.21E-05,9.33E-06,6.64E-05,5.61E-05,2.65E-05,2.96E-05
7/25/2013,MSFT,6.01E-05,6.49E-05,4.91E-05,5.92E-05,5.93E-05,2.05E-05,3.88E-05,5.12E-05,6.04E-05,6.03E-05,5.15E-05,5.14E-05,2.01E-05,3.13E-05
7/26/2013,MSFT,4.61E-05,4.60E-05,5.37E-05,4.35E-05,4.60E-05,3.03E-05,1.57E-05,3.80E-05,4.57E-05,5.73E-05,4.41E-05,5.07E-05,4.00E-05,1.07E-05
7/29/2013,MSFT,0.000112207,0.00013817,6.83E-06,0.000104004,9.41E-05,5.37E-05,4.04E-05,3.05E-05,2.90E-05,3.54E-05,3.31E-05,3.54E-05,2.35E-05,1.20E-05
7/30/2013,MSFT,0.000106509,0.000112119,0.000136361,0.000111045,0.000118745,5.97E-05,5.90E-05,0.000113526,0.000107654,0.000146627,0.000110051,0.000125611,6.70E-05,5.86E-05
7/31/2013,MSFT,8.32E-05,9.05E-05,4.62E-05,8.95E-05,9.26E-05,4.65E-05,4.60E-05,7.33E-05,9.04E-05,6.30E-05,8.54E-05,8.32E-05,3.71E-05,4.61E-05
8/1/2013,MSFT,9.24E-05,9.26E-05,8.91E-05,9.38E-05,0.00010783,3.45E-05,7.33E-05,8.06E-05,7.53E-05,7.09E-05,8.39E-05,0.000104729,2.76E-05,7.71E-05
8/2/2013,MSFT,4.03E-05,4.81E-05,4.60E-05,4.26E-05,3.87E-05,2.39E-05,1.48E-05,3.02E-05,2.22E-05,5.12E-05,2.93E-05,4.33E-05,2.75E-05,1.58E-05
8/5/2013,MSFT,4.94E-05,4.91E-05,5.04E-05,4.51E-05,4.46E-05,1.77E-05,2.70E-05,3.30E-05,3.16E-05,6.64E-05,3.72E-05,5.24E-05,1.75E-05,3.50E-05
8/6/2013,MSFT,5.01E-05,5.27E-05,3.11E-05,4.83E-05,4.50E-05,2.10E-05,2.40E-05,3.05E-05,2.59E-05,2.49E-05,2.68E-05,3.08E-05,1.39E-05,1.69E-05
8/7/2013,MSFT,9.01E-05,8.15E-05,0.000150411,8.37E-05,0.000103671,7.64E-05,2.72E-05,9.44E-05,9.60E-05,0.000197645,0.000122174,0.000144421,0.000104519,3.99E-05
8/8/2013,MSFT,0.000295057,0.000317747,0.000270802,0.000361136,0.000343371,0.000249788,9.36E-05,0.000245231,0.000223617,0.000436019,0.000229642,0.000231709,0.000180072,5.16E-05
8/9/2013,MSFT,5.53E-05,5.52E-05,8.08E-05,6.68E-05,8.00E-05,4.00E-05,4.00E-05,9.50E-05,7.97E-05,9.03E-05,7.71E-05,8.05E-05,3.88E-05,4.17E-05
8/12/2013,MSFT,0.000160177,0.00020329,0.000183727,0.000174766,0.000163976,0.000106267,5.77E-05,0.000320532,0.000331546,-1.82E-05,0.000264633,0.000261213,0.000167543,9.37E-05
8/13/2013,MSFT,7.73E-05,6.60E-05,0.000110739,6.82E-05,0.000101683,3.87E-05,6.29E-05,8.57E-05,8.04E-05,9.55E-05,8.00E-05,0.0001044,3.51E-05,6.93E-05
8/14/2013,MSFT,0.00020397,0.000166704,0.000291905,0.000184646,0.000214786,0.000101827,0.000112959,0.000192615,0.000246196,0.000298004,0.000234865,0.000240237,9.52E-05,0.000145071
8/15/2013,MSFT,0.000127445,0.000135736,0.000127671,0.00013559,0.000129206,6.04E-05,6.88E-05,0.000121844,0.000140794,0.000100292,0.000142819,0.000164736,6.63E-05,9.85E-05
8/16/2013,MSFT,0.00010638,9.68E-05,5.52E-05,9.89E-05,0.0001043,5.59E-05,4.84E-05,9.76E-05,9.28E-05,4.07E-05,8.43E-05,8.80E-05,3.71E-05,5.09E-05
8/19/2013,MSFT,0.00012863,0.000109453,0.000100879,0.000106081,0.00011302,4.20E-05,7.10E-05,7.96E-05,9.10E-05,8.90E-05,9.04E-05,8.39E-05,4.43E-05,3.96E-05
8/20/2013,MSFT,0.000123334,0.000112748,0.000142046,0.000113463,0.000116293,5.87E-05,5.76E-05,0.00011465,0.000120801,0.000143169,0.000125483,0.000135898,7.08E-05,6.51E-05
8/21/2013,MSFT,9.78E-05,9.20E-05,0.000168009,0.000120896,0.000162619,0.000100313,6.23E-05,7.47E-05,9.26E-05,0.000248928,0.000109087,0.000172321,0.000118019,5.43E-05
8/22/2013,MSFT,5.49E-05,5.42E-05,2.85E-05,5.20E-05,5.71E-05,3.40E-05,2.30E-05,4.57E-05,4.66E-05,3.48E-05,4.24E-05,4.22E-05,2.77E-05,1.45E-05
8/23/2013,MSFT,0.000368789,0.000367005,0.000579237,0.000394586,0.00054692,0.000171139,0.000375782,0.000649404,0.000672473,0.000218547,0.000662473,0.00069404,0.000219774,0.000474266
8/26/2013,MSFT,0.000145725,0.000151082,0.000160904,0.000142269,0.000144002,6.23E-05,8.17E-05,0.000124416,0.000114478,0.000200162,0.000129787,0.000170234,7.13E-05,9.89E-05
8/27/2013,MSFT,0.000280821,0.000274186,0.000392754,0.000228511,0.000230379,0.000146995,8.34E-05,0.000310102,0.000351275,0.00030477,0.000287325,0.000281084,0.000166293,0.000114791
8/28/2013,MSFT,0.00012252,0.000127482,5.75E-05,0.000130567,0.000135468,4.48E-05,9.07E-05,0.000116044,0.000108303,5.45E-05,0.000109166,0.000114511,4.22E-05,7.23E-05
8/29/2013,MSFT,7.69E-05,7.19E-05,0.000119601,8.90E-05,0.000124381,8.85E-05,3.58E-05,9.07E-05,9.64E-05,0.000147368,0.000102167,0.000107549,7.35E-05,3.41E-05
8/30/2013,MSFT,0.000112954,0.00010552,8.05E-05,9.93E-05,0.000108789,6.48E-05,4.40E-05,5.73E-05,6.99E-05,8.30E-05,8.80E-05,9.55E-05,6.28E-05,3.27E-05
9/3/2013,MSFT,0.000250077,0.000300061,0.000246412,0.000299172,0.000275301,0.000140282,0.00013502,0.000303401,0.000297781,0.000215177,0.000276854,0.000302763,0.000158355,0.000144407
9/4/2013,MSFT,4.29E-05,5.06E-05,2.57E-05,4.93E-05,4.52E-05,1.77E-05,2.75E-05,2.50E-05,2.27E-05,2.55E-05,2.54E-05,3.21E-05,9.89E-06,2.22E-05
9/5/2013,MSFT,6.31E-05,5.85E-05,4.18E-05,6.13E-05,7.10E-05,3.86E-05,3.24E-05,5.03E-05,4.47E-05,7.13E-05,4.65E-05,6.19E-05,2.94E-05,3.25E-05
9/6/2013,MSFT,3.82E-05,3.45E-05,2.99E-05,3.43E-05,4.06E-05,1.33E-05,2.73E-05,4.41E-05,4.13E-05,3.74E-05,3.71E-05,3.93E-05,1.43E-05,2.50E-05
9/9/2013,MSFT,7.84E-05,9.42E-05,5.39E-05,8.47E-05,7.68E-05,5.14E-05,2.53E-05,8.87E-05,8.74E-05,5.66E-05,8.52E-05,8.62E-05,5.96E-05,2.65E-05
9/10/2013,MSFT,0.000165339,0.00015528,0.000178897,0.00015942,0.000183839,0.000117821,6.60E-05,0.000130412,0.000137611,0.000207231,0.000169628,0.000212519,0.00016031,5.22E-05
9/11/2013,MSFT,6.60E-05,7.40E-05,5.29E-05,7.00E-05,7.52E-05,3.28E-05,4.23E-05,4.64E-05,5.37E-05,2.81E-05,5.67E-05,5.76E-05,3.31E-05,2.45E-05
9/12/2013,MSFT,2.41E-05,2.68E-05,3.33E-05,3.07E-05,3.76E-05,2.28E-05,1.48E-05,4.20E-05,4.30E-05,1.96E-05,3.61E-05,3.94E-05,1.93E-05,2.01E-05
9/13/2013,MSFT,8.64E-05,8.35E-05,0.000122669,9.63E-05,0.000126377,6.46E-05,6.18E-05,0.000132397,0.000141729,7.89E-05,0.000137234,0.000154036,7.44E-05,7.96E-05
9/16/2013,MSFT,0.000150587,0.000154643,0.000183526,0.000145289,0.000152531,5.39E-05,9.87E-05,0.000185647,0.000137665,0.000104751,0.000151618,0.000207805,5.94E-05,0.000148387
9/17/2013,MSFT,8.08E-05,4.75E-05,0.000126793,5.58E-05,0.000107351,2.52E-05,8.21E-05,0.000134409,0.000147764,0.000174525,0.000112862,0.000110976,1.77E-05,9.32E-05
9/18/2013,MSFT,0.000119311,8.78E-05,0.000131254,0.000104629,0.000124846,8.30E-05,4.19E-05,8.70E-05,0.000103058,0.00013576,0.000104612,0.000110224,8.14E-05,2.88E-05
9/19/2013,MSFT,9.59E-05,0.000115167,6.47E-05,0.000129261,0.000134959,8.49E-05,5.00E-05,8.01E-05,5.19E-05,9.74E-05,6.06E-05,9.18E-05,4.65E-05,4.53E-05
9/20/2013,MSFT,0.000310466,0.000312182,0.000115813,0.000316658,0.000370068,0.000101123,0.000268944,0.000196525,0.00021878,0.000194998,0.000187593,0.000189513,5.08E-05,0.000138759
9/23/2013,MSFT,0.000116965,0.000124096,0.000191984,0.000126604,0.000139153,9.08E-05,4.83E-05,6.68E-05,5.76E-05,0.000132323,8.03E-05,0.000162042,0.000128639,3.34E-05
9/24/2013,MSFT,0.000149102,0.00015722,0.000128869,0.000145131,0.000168221,6.32E-05,0.000105016,0.000185463,0.000152975,0.000171994,0.000151475,0.000164701,6.52E-05,9.95E-05
9/25/2013,MSFT,0.000114167,0.000105696,0.000126356,0.000114888,0.00012329,6.43E-05,5.90E-05,0.000100297,0.000103196,5.77E-05,0.000120469,0.000134297,6.59E-05,6.84E-05
9/26/2013,MSFT,0.000161185,0.000177293,8.20E-05,0.000143379,0.000125537,7.31E-05,5.24E-05,6.72E-05,7.01E-05,0.00012831,7.28E-05,0.000104312,7.25E-05,3.18E-05
9/27/2013,MSFT,0.000183176,0.000194782,0.000177295,0.000186028,0.000193117,0.000120422,7.27E-05,0.000160804,0.000117956,0.000270666,0.000133838,0.000211943,0.000149702,6.22E-05
9/30/2013,MSFT,0.000124706,0.000105422,0.000121551,0.000106678,0.000136599,8.11E-05,5.55E-05,0.000102931,0.000136885,0.000166225,0.000121775,0.000155957,9.01E-05,6.59E-05
10/1/2013,MSFT,9.41E-05,0.000107612,8.43E-05,0.000129475,0.00015982,0.000107233,5.26E-05,8.78E-05,8.62E-05,8.56E-05,7.68E-05,8.79E-05,5.05E-05,3.74E-05
10/2/2013,MSFT,7.32E-05,7.66E-05,7.62E-05,7.57E-05,9.59E-05,6.81E-05,2.78E-05,8.53E-05,6.81E-05,8.40E-05,7.03E-05,8.93E-05,6.93E-05,2.00E-05
10/3/2013,MSFT,0.000256779,0.000263443,0.00015794,0.000258654,0.000258818,0.000128731,0.000130087,0.000212835,0.000248954,0.000121477,0.000211973,0.000190322,8.63E-05,0.000104026
10/4/2013,MSFT,9.06E-05,8.61E-05,9.28E-05,8.30E-05,8.39E-05,4.63E-05,3.76E-05,7.90E-05,7.06E-05,4.22E-05,8.15E-05,8.06E-05,4.85E-05,3.21E-05
10/7/2013,MSFT,0.000128608,0.000103497,0.000105498,9.85E-05,0.000109277,5.04E-05,5.88E-05,0.000127262,0.000142918,1.71E-05,0.000134923,0.000126332,6.99E-05,5.64E-05
10/8/2013,MSFT,0.000154258,0.000165466,0.000174219,0.000160577,0.000151228,6.21E-05,8.91E-05,0.000146741,0.000139457,0.000113687,0.00014004,0.000160893,5.10E-05,0.000109845
10/9/2013,MSFT,0.000169139,0.00017045,0.000165138,0.000188072,0.000192017,9.67E-05,9.53E-05,0.000169829,0.00012056,0.000206466,0.000151303,0.000205236,0.000102439,0.000102797
10/10/2013,MSFT,8.66E-05,8.24E-05,0.00015588,9.35E-05,0.000108092,7.07E-05,3.74E-05,0.000103995,0.000104901,0.000173922,0.000103099,0.000118683,8.59E-05,3.28E-05
10/11/2013,MSFT,8.72E-05,8.39E-05,0.000113829,8.29E-05,9.93E-05,6.70E-05,3.23E-05,6.70E-05,7.39E-05,0.000102074,7.69E-05,0.000130605,9.89E-05,3.17E-05
10/14/2013,MSFT,7.83E-05,0.000104707,6.38E-05,7.74E-05,6.84E-05,4.46E-05,2.38E-05,8.62E-05,9.26E-05,6.02E-05,7.40E-05,6.68E-05,5.35E-05,1.33E-05
10/15/2013,MSFT,6.48E-05,6.72E-05,6.29E-05,6.73E-05,6.24E-05,3.01E-05,3.23E-05,5.12E-05,4.06E-05,7.06E-05,4.47E-05,6.67E-05,3.42E-05,3.25E-05
10/16/2013,MSFT,7.90E-05,8.08E-05,7.50E-05,9.05E-05,0.000112969,7.88E-05,3.42E-05,5.88E-05,6.66E-05,3.73E-05,6.05E-05,6.88E-05,4.66E-05,2.22E-05
10/17/2013,MSFT,9.07E-05,6.83E-05,5.30E-05,6.18E-05,7.23E-05,4.89E-05,2.34E-05,6.27E-05,5.05E-05,8.54E-05,5.10E-05,5.48E-05,4.53E-05,9.52E-06
10/18/2013,MSFT,9.55E-05,0.000105055,0.000160727,0.000116648,0.000140007,5.75E-05,8.25E-05,8.45E-05,6.95E-05,0.000179666,7.50E-05,0.000163188,5.81E-05,0.000105095
10/21/2013,MSFT,4.80E-05,3.84E-05,6.19E-05,4.37E-05,6.05E-05,3.69E-05,2.36E-05,6.71E-05,6.60E-05,2.62E-05,7.07E-05,7.44E-05,4.93E-05,2.51E-05
10/22/2013,MSFT,0.000119805,0.000123404,0.000150578,0.000130093,0.000191757,6.86E-05,0.000123158,0.000144755,0.000121005,9.22E-05,0.000130709,0.000172889,5.56E-05,0.000117261
10/23/2013,MSFT,1.00E-04,0.000101105,9.83E-05,9.73E-05,0.000103811,3.95E-05,6.43E-05,0.000133986,0.000130541,0.000144918,0.000114027,0.000109681,4.07E-05,6.90E-05
10/24/2013,MSFT,9.54E-05,0.000100576,9.56E-05,8.79E-05,8.45E-05,4.26E-05,4.20E-05,7.77E-05,6.54E-05,8.43E-05,7.49E-05,8.55E-05,4.87E-05,3.67E-05
10/25/2013,MSFT,0.000137738,0.000117103,0.000193905,0.000140455,0.000180578,7.91E-05,0.000101479,0.000233352,0.000274394,0.000222301,0.000237311,0.000204007,8.42E-05,0.000119763
10/28/2013,MSFT,9.74E-05,0.000122662,7.51E-05,9.98E-05,9.31E-05,4.07E-05,5.23E-05,5.33E-05,4.54E-05,7.37E-05,5.36E-05,8.40E-05,3.35E-05,5.05E-05
10/29/2013,MSFT,4.32E-05,3.78E-05,5.24E-05,4.10E-05,5.12E-05,1.81E-05,3.31E-05,3.73E-05,3.23E-05,5.93E-05,3.67E-05,4.54E-05,1.41E-05,3.13E-05
10/30/2013,MSFT,7.93E-05,6.46E-05,7.14E-05,6.65E-05,9.55E-05,4.48E-05,5.07E-05,5.68E-05,6.63E-05,5.03E-05,6.65E-05,7.39E-05,3.31E-05,4.08E-05
10/31/2013,MSFT,7.19E-05,7.68E-05,7.75E-05,7.06E-05,7.82E-05,2.62E-05,5.20E-05,3.08E-05,2.43E-05,7.48E-05,3.69E-05,6.52E-05,1.55E-05,4.97E-05
11/1/2013,MSFT,3.67E-05,3.62E-05,4.12E-05,3.92E-05,4.95E-05,1.68E-05,3.27E-05,4.39E-05,4.74E-05,2.21E-05,4.79E-05,5.16E-05,1.60E-05,3.56E-05
11/4/2013,MSFT,3.45E-05,3.50E-05,5.23E-05,3.88E-05,5.17E-05,3.35E-05,1.82E-05,3.41E-05,2.96E-05,7.35E-05,3.30E-05,5.07E-05,3.14E-05,1.93E-05
11/5/2013,MSFT,0.000163955,0.000137721,0.000274775,0.000144152,0.000164102,0.000124597,3.95E-05,0.000257506,0.00028329,0.000296349,0.000231068,0.000231613,0.000193988,3.76E-05
11/6/2013,MSFT,0.000145187,0.000149293,0.000204926,0.000160022,0.000216405,0.000163357,5.30E-05,0.00012527,0.000120181,0.000248939,0.000139699,0.000187253,0.000160242,2.70E-05
11/7/2013,MSFT,9.65E-05,9.81E-05,6.68E-05,8.79E-05,8.54E-05,3.36E-05,5.18E-05,8.61E-05,9.67E-05,4.72E-05,8.18E-05,7.46E-05,2.86E-05,4.60E-05
11/8/2013,MSFT,8.28E-05,7.91E-05,6.26E-05,7.59E-05,7.66E-05,4.33E-05,3.32E-05,6.85E-05,8.09E-05,9.16E-05,7.61E-05,6.98E-05,3.93E-05,3.05E-05
11/11/2013,MSFT,8.39E-05,8.20E-05,8.20E-05,8.02E-05,8.03E-05,3.69E-05,4.35E-05,8.14E-05,0.000100331,6.97E-05,9.06E-05,7.09E-05,3.35E-05,3.74E-05
11/12/2013,MSFT,7.32E-05,9.06E-05,5.62E-05,7.99E-05,7.58E-05,3.69E-05,3.89E-05,4.54E-05,2.90E-05,2.81E-05,3.36E-05,4.24E-05,1.93E-05,2.32E-05
11/13/2013,MSFT,0.000116652,0.000123405,0.000125952,0.000113483,0.000115795,8.52E-05,3.06E-05,0.000101146,9.13E-05,0.000183012,0.000104368,0.00011252,9.05E-05,2.20E-05
11/14/2013,MSFT,5.94E-05,6.29E-05,6.98E-05,5.21E-05,5.52E-05,3.14E-05,2.38E-05,8.41E-05,0.000101378,5.66E-05,8.05E-05,7.13E-05,4.33E-05,2.81E-05
11/15/2013,MSFT,1.72E-05,1.76E-05,1.69E-05,1.70E-05,1.79E-05,8.54E-06,9.36E-06,1.17E-05,1.40E-05,1.50E-05,1.39E-05,1.67E-05,8.87E-06,7.85E-06
11/18/2013,MSFT,9.83E-05,0.000103102,6.00E-05,9.87E-05,0.000100401,4.31E-05,5.73E-05,7.02E-05,8.68E-05,4.76E-05,7.55E-05,6.65E-05,2.96E-05,3.69E-05
11/19/2013,MSFT,6.10E-05,6.00E-05,0.000105671,8.65E-05,0.000131466,6.92E-05,6.23E-05,6.17E-05,4.05E-05,9.44E-05,5.49E-05,9.53E-05,4.91E-05,4.62E-05
11/20/2013,MSFT,0.00015471,0.000136352,0.000110174,0.000122931,0.000143745,9.02E-05,5.35E-05,0.000140658,0.000130938,0.000110873,0.00012546,0.00012555,8.83E-05,3.73E-05
11/21/2013,MSFT,5.11E-05,4.53E-05,5.06E-05,5.00E-05,6.49E-05,4.26E-05,2.23E-05,5.31E-05,4.59E-05,4.01E-05,4.70E-05,5.52E-05,3.47E-05,2.05E-05
11/22/2013,MSFT,5.14E-05,4.45E-05,4.60E-05,4.35E-05,6.10E-05,3.09E-05,3.01E-05,4.90E-05,5.88E-05,4.05E-05,5.24E-05,5.15E-05,2.36E-05,2.80E-05
11/25/2013,MSFT,3.39E-05,3.80E-05,3.00E-05,3.70E-05,3.91E-05,1.14E-05,2.77E-05,2.86E-05,3.28E-05,2.92E-05,3.55E-05,3.95E-05,1.04E-05,2.91E-05
11/26/2013,MSFT,5.17E-05,4.95E-05,4.37E-05,4.64E-05,5.07E-05,1.80E-05,3.27E-05,2.35E-05,2.53E-05,4.48E-05,2.88E-05,3.95E-05,8.92E-06,3.06E-05
11/27/2013,MSFT,2.27E-05,2.51E-05,1.53E-05,2.58E-05,2.81E-05,1.65E-05,1.16E-05,1.57E-05,9.98E-06,1.35E-05,1.09E-05,1.69E-05,1.13E-05,5.57E-06
11/29/2013,MSFT,6.56E-05,5.34E-05,9.24E-05,5.23E-05,7.54E-05,5.64E-05,1.90E-05,7.68E-05,6.81E-05,0.000132225,6.61E-05,8.90E-05,7.35E-05,1.55E-05
12/2/2013,MSFT,6.31E-05,5.15E-05,0.000135118,5.72E-05,0.00013459,0.000100383,3.42E-05,7.93E-05,8.79E-05,8.47E-05,9.23E-05,0.000124365,9.61E-05,2.83E-05
12/3/2013,MSFT,4.21E-05,4.27E-05,4.92E-05,3.75E-05,3.78E-05,2.57E-05,1.21E-05,3.21E-05,2.07E-05,4.57E-05,2.42E-05,4.99E-05,3.88E-05,1.11E-05
12/4/2013,MSFT,0.000148668,0.00016774,0.000170381,0.000149648,0.000139331,9.91E-05,4.02E-05,0.000115146,0.000118447,0.000211311,0.000123785,0.000139092,0.000103175,3.59E-05
12/5/2013,MSFT,0.00038003,0.000314959,0.000851419,0.000432726,0.000560893,0.000139636,0.000421257,0.000429034,0.000449982,0.000742478,0.000600481,0.000717221,0.000117673,0.000599548
12/6/2013,MSFT,8.14E-05,7.66E-05,0.00010394,7.56E-05,0.000112373,4.49E-05,6.75E-05,5.62E-05,3.91E-05,0.000114687,4.84E-05,0.000106958,3.47E-05,7.23E-05
12/9/2013,MSFT,9.52E-05,8.40E-05,6.84E-05,9.42E-05,0.000113488,6.08E-05,5.27E-05,0.000109861,9.76E-05,2.40E-05,0.000104002,0.000104987,6.31E-05,4.19E-05
12/10/2013,MSFT,0.000156749,0.000132808,0.000185047,0.000150471,0.000168206,6.75E-05,0.000100714,0.000216737,0.000215554,7.16E-05,0.000183298,0.000204362,7.35E-05,0.000130892
12/11/2013,MSFT,0.000149824,0.000169503,9.09E-05,0.000151702,0.000136,4.78E-05,8.82E-05,0.00011449,9.83E-05,7.97E-05,0.000110301,0.000145129,3.91E-05,0.000106074
12/12/2013,MSFT,8.20E-05,9.67E-05,4.73E-05,8.41E-05,7.76E-05,2.26E-05,5.50E-05,2.46E-05,2.79E-05,8.36E-05,3.75E-05,7.36E-05,1.19E-05,6.17E-05
12/13/2013,MSFT,9.12E-05,0.000109255,0.000187001,0.000146845,0.000254622,4.04E-05,0.000214208,0.000113298,0.000113711,0.000240122,0.000131009,0.000193393,3.68E-05,0.000156575
12/16/2013,MSFT,7.26E-05,7.73E-05,4.80E-05,7.75E-05,7.94E-05,4.98E-05,2.96E-05,8.49E-05,7.57E-05,1.78E-05,7.09E-05,7.87E-05,5.40E-05,2.46E-05
12/17/2013,MSFT,0.000150345,0.000152067,0.00020982,0.000163222,0.000191905,6.71E-05,0.000124788,0.000162094,0.000152606,0.000142808,0.000154095,0.000194924,5.06E-05,0.000144332
12/18/2013,MSFT,0.000225182,0.000235679,0.000224045,0.000230093,0.000223687,0.000126925,9.68E-05,0.000233653,0.000235445,0.000160444,0.000239889,0.000266587,0.000170169,9.64E-05
12/19/2013,MSFT,8.31E-05,8.05E-05,8.35E-05,8.20E-05,8.72E-05,3.76E-05,4.96E-05,9.71E-05,0.000115855,7.78E-05,9.42E-05,8.15E-05,2.74E-05,5.40E-05
12/20/2013,MSFT,0.000115532,0.000110854,8.95E-05,0.00011044,0.000115606,7.71E-05,3.85E-05,8.87E-05,7.93E-05,8.71E-05,8.41E-05,9.59E-05,7.30E-05,2.28E-05
12/23/2013,MSFT,3.02E-05,3.31E-05,3.12E-05,3.33E-05,4.21E-05,1.69E-05,2.52E-05,2.45E-05,2.29E-05,4.26E-05,2.27E-05,3.88E-05,1.28E-05,2.60E-05
12/24/2013,MSFT,9.67E-05,0.000103589,6.76E-05,8.12E-05,8.45E-05,5.67E-05,2.78E-05,5.70E-05,3.86E-05,5.80E-05,5.16E-05,7.05E-05,5.67E-05,1.38E-05
12/26/2013,MSFT,3.86E-05,3.62E-05,5.33E-05,3.25E-05,3.76E-05,2.89E-05,8.74E-06,1.15E-05,1.50E-05,3.82E-05,2.17E-05,5.38E-05,4.65E-05,7.21E-06
12/27/2013,MSFT,2.72E-05,2.95E-05,4.69E-05,2.95E-05,3.44E-05,1.35E-05,2.09E-05,5.24E-05,4.26E-05,6.93E-05,4.35E-05,4.47E-05,1.53E-05,2.94E-05
12/30/2013,MSFT,5.20E-05,4.07E-05,6.32E-05,4.29E-05,5.97E-05,2.82E-05,3.15E-05,5.21E-05,5.45E-05,9.77E-05,6.25E-05,7.07E-05,2.85E-05,4.22E-05
12/31/2013,MSFT,5.38E-05,4.73E-05,3.71E-05,5.11E-05,5.35E-05,2.33E-05,3.01E-05,3.31E-05,3.16E-05,3.85E-05,3.08E-05,3.35E-05,1.46E-05,1.89E-05
1/2/2014,MSFT,6.10E-05,5.54E-05,4.41E-05,5.11E-05,5.52E-05,2.35E-05,3.17E-05,4.30E-05,4.57E-05,3.06E-05,4.24E-05,3.84E-05,1.36E-05,2.48E-05
1/3/2014,MSFT,7.24E-05,7.55E-05,6.68E-05,6.54E-05,7.43E-05,2.89E-05,4.55E-05,7.14E-05,5.57E-05,7.15E-05,6.05E-05,6.93E-05,2.39E-05,4.54E-05
1/6/2014,MSFT,7.57E-05,7.69E-05,0.000134989,9.36E-05,0.00010514,3.13E-05,7.39E-05,0.000113086,0.000108017,0.000155294,0.000115942,0.000121255,2.65E-05,9.48E-05
1/7/2014,MSFT,2.32E-05,2.31E-05,2.68E-05,2.65E-05,3.34E-05,1.95E-05,1.38E-05,2.95E-05,2.13E-05,2.80E-05,2.26E-05,2.79E-05,1.82E-05,9.75E-06
1/8/2014,MSFT,9.59E-05,7.98E-05,8.76E-05,8.49E-05,9.36E-05,3.92E-05,5.44E-05,0.000131115,0.000151037,7.44E-05,0.000117777,0.000101008,4.58E-05,5.52E-05
1/9/2014,MSFT,8.57E-05,7.54E-05,9.06E-05,7.13E-05,7.96E-05,3.63E-05,4.32E-05,0.000103735,0.00011916,8.31E-05,0.000108853,9.35E-05,3.83E-05,5.52E-05
1/10/2014,MSFT,5.97E-05,6.19E-05,7.05E-05,5.63E-05,5.83E-05,3.06E-05,2.76E-05,6.64E-05,5.87E-05,5.89E-05,6.19E-05,7.11E-05,3.62E-05,3.49E-05
1/13/2014,MSFT,0.000133787,0.000122408,0.000120282,0.000121555,0.000128149,2.86E-05,9.96E-05,0.000103699,7.52E-05,0.000156381,8.93E-05,0.000113186,1.29E-05,0.000100302
1/14/2014,MSFT,0.000117888,0.000143876,0.000161683,0.000137036,0.000157281,0.000133051,2.42E-05,5.90E-05,5.88E-05,0.00018845,6.90E-05,0.000155004,0.000148199,6.80E-06
1/15/2014,MSFT,9.00E-05,9.45E-05,0.000116898,9.68E-05,0.000123022,0.000101919,2.11E-05,3.97E-05,4.70E-05,0.000179921,7.13E-05,0.000140754,0.000133351,7.40E-06
1/16/2014,MSFT,0.000218996,0.000216857,9.31E-05,0.000177785,0.000207432,0.000114245,9.32E-05,5.40E-05,4.76E-05,0.000108159,6.03E-05,0.000112934,6.85E-05,4.44E-05
1/17/2014,MSFT,0.000170199,0.000204824,0.000167743,0.000191996,0.00017415,5.69E-05,0.000117218,8.69E-05,9.00E-05,0.000178004,0.0001099,0.000192193,4.09E-05,0.000151293
1/21/2014,MSFT,8.70E-05,8.42E-05,0.000135577,8.48E-05,9.47E-05,2.35E-05,7.12E-05,0.000105551,7.55E-05,0.000147521,8.96E-05,0.000130409,3.37E-05,9.67E-05
1/22/2014,MSFT,8.01E-05,8.13E-05,0.000230816,8.29E-05,0.000206354,4.40E-05,0.000162333,0.000155825,0.000153711,6.33E-05,0.000165816,0.000232289,5.78E-05,0.000174511
1/23/2014,MSFT,0.000255651,0.000243989,0.000190621,0.000216634,0.000221976,9.70E-05,0.000124964,0.000114365,0.000100611,0.000133598,0.000115231,0.000185154,5.37E-05,0.000131485
1/24/2014,MSFT,0.000393688,0.000480342,0.000257445,0.000420176,0.000358374,0.000122423,0.000235951,0.000141437,0.000135386,0.00033014,0.000165664,0.000261291,6.71E-05,0.000194165
1/27/2014,MSFT,0.000246044,0.000310497,0.000212176,0.00025325,0.00027166,8.91E-05,0.000182548,0.000314938,0.000319003,0.000145279,0.000289465,0.000293646,0.000105022,0.000188624
1/28/2014,MSFT,9.63E-05,9.87E-05,0.000102191,0.000103993,0.000104087,5.87E-05,4.54E-05,6.99E-05,7.44E-05,0.000118544,8.77E-05,0.000107704,6.03E-05,4.74E-05
1/29/2014,MSFT,0.000155145,0.000166544,0.000216558,0.000166743,0.000163226,0.000100051,6.32E-05,0.00016468,0.000186377,0.000173598,0.000184022,0.000189821,0.000134969,5.49E-05
1/30/2014,MSFT,0.000135346,0.000122016,0.000166941,0.000132148,0.000148921,6.91E-05,7.99E-05,0.000111378,0.000100206,0.000101512,0.000126659,0.000163786,7.27E-05,9.11E-05
1/31/2014,MSFT,0.000432335,0.00040657,0.000442743,0.000490865,0.000636558,0.000392541,0.000244017,0.000548163,0.000435766,0.000274833,0.00046099,0.000575815,0.000280018,0.000295797
2/3/2014,MSFT,0.000330008,0.000305028,0.000286922,0.00028707,0.000313391,0.000103037,0.000210354,0.000215151,0.000210811,0.000237967,0.000208418,0.000281814,4.62E-05,0.000235662
2/4/2014,MSFT,0.000146146,0.000154527,0.000162976,0.000144496,0.000157651,6.08E-05,9.68E-05,5.79E-05,4.48E-05,0.000154574,6.99E-05,0.000151934,4.91E-05,0.000102823
2/5/2014,MSFT,0.000231909,0.000241213,0.000222757,0.000223228,0.000220921,9.58E-05,0.000125143,0.000147893,0.000123894,0.000117295,0.000152975,0.000176213,6.01E-05,0.000116071
2/6/2014,MSFT,0.000153224,0.00010825,3.74E-05,0.000116738,0.000126847,9.01E-05,3.68E-05,0.000105405,0.000107912,4.82E-05,9.61E-05,8.02E-05,5.29E-05,2.73E-05
2/7/2014,MSFT,9.04E-05,8.19E-05,7.14E-05,8.59E-05,9.27E-05,4.91E-05,4.36E-05,8.55E-05,9.54E-05,5.35E-05,8.96E-05,8.44E-05,4.48E-05,3.96E-05
2/10/2014,MSFT,6.72E-05,7.54E-05,5.84E-05,7.31E-05,7.65E-05,3.56E-05,4.08E-05,7.83E-05,8.10E-05,4.58E-05,7.05E-05,7.24E-05,3.77E-05,3.47E-05
2/11/2014,MSFT,4.92E-05,4.32E-05,6.00E-05,5.34E-05,6.89E-05,3.90E-05,2.99E-05,6.23E-05,5.82E-05,7.08E-05,5.52E-05,5.39E-05,3.39E-05,2.00E-05
2/12/2014,MSFT,4.87E-05,5.07E-05,2.77E-05,4.88E-05,5.23E-05,2.68E-05,2.55E-05,4.25E-05,4.22E-05,3.51E-05,3.94E-05,3.65E-05,2.07E-05,1.58E-05
2/13/2014,MSFT,4.62E-05,4.39E-05,0.000115427,5.62E-05,0.00015552,0.000137747,1.78E-05,1.02E-05,9.50E-06,0.000100063,1.31E-05,0.000105154,9.84E-05,6.72E-06
2/14/2014,MSFT,0.000107903,0.000110025,4.63E-05,9.14E-05,8.61E-05,5.27E-05,3.34E-05,5.13E-05,5.17E-05,5.88E-05,4.82E-05,5.04E-05,3.72E-05,1.31E-05
2/18/2014,MSFT,2.05E-05,2.00E-05,3.22E-05,2.03E-05,2.82E-05,1.43E-05,1.39E-05,1.79E-05,2.03E-05,2.53E-05,1.86E-05,2.35E-05,8.47E-06,1.51E-05
2/19/2014,MSFT,0.000148954,0.000154895,0.000123944,0.000145702,0.000159572,0.000101764,5.78E-05,7.03E-05,6.36E-05,0.000108977,8.22E-05,0.000123815,8.17E-05,4.22E-05
2/20/2014,MSFT,8.01E-05,6.33E-05,7.02E-05,6.56E-05,7.42E-05,3.66E-05,3.77E-05,4.92E-05,4.92E-05,2.20E-05,5.46E-05,6.36E-05,2.80E-05,3.55E-05
2/21/2014,MSFT,5.03E-05,5.70E-05,5.62E-05,5.31E-05,6.85E-05,4.01E-05,2.84E-05,5.00E-05,4.72E-05,6.27E-05,5.11E-05,6.95E-05,4.02E-05,2.93E-05
2/24/2014,MSFT,5.60E-05,5.14E-05,6.91E-05,5.18E-05,7.75E-05,4.51E-05,3.24E-05,2.96E-05,2.70E-05,5.83E-05,3.18E-05,6.31E-05,3.80E-05,2.51E-05
2/25/2014,MSFT,0.000135133,9.95E-05,9.54E-05,0.000105573,0.000124235,6.51E-05,5.92E-05,9.80E-05,0.000131174,5.11E-05,0.000113681,9.56E-05,3.63E-05,5.93E-05
2/26/2014,MSFT,8.06E-05,7.28E-05,9.47E-05,7.41E-05,7.89E-05,3.50E-05,4.40E-05,0.000105397,0.000138022,0.000116277,0.000113736,9.63E-05,4.78E-05,4.85E-05
2/27/2014,MSFT,6.56E-05,8.01E-05,8.14E-05,7.09E-05,6.76E-05,3.80E-05,2.96E-05,5.79E-05,5.77E-05,8.97E-05,5.78E-05,8.45E-05,4.62E-05,3.83E-05
2/28/2014,MSFT,0.000149578,0.000170702,0.000149047,0.000160197,0.000159322,8.69E-05,7.24E-05,0.000149183,0.000127607,0.000131546,0.000156191,0.000183248,0.000106099,7.71E-05
3/3/2014,MSFT,0.000121888,0.000156716,0.000122974,0.000128262,0.000122271,6.27E-05,5.95E-05,0.000109384,0.000105563,0.000115176,0.000102273,0.000117569,4.95E-05,6.81E-05
3/4/2014,MSFT,5.62E-05,6.08E-05,5.25E-05,5.45E-05,5.26E-05,2.89E-05,2.37E-05,4.47E-05,4.62E-05,8.68E-05,4.43E-05,6.20E-05,4.23E-05,1.97E-05
3/5/2014,MSFT,4.04E-05,4.55E-05,4.48E-05,4.10E-05,3.79E-05,1.24E-05,2.54E-05,2.99E-05,2.04E-05,4.36E-05,2.50E-05,4.84E-05,1.17E-05,3.67E-05
3/6/2014,MSFT,4.40E-05,3.37E-05,3.62E-05,3.88E-05,5.49E-05,2.99E-05,2.50E-05,4.77E-05,4.51E-05,4.02E-05,3.96E-05,4.20E-05,2.14E-05,2.06E-05
3/7/2014,MSFT,9.44E-05,7.35E-05,8.44E-05,9.24E-05,0.000138589,2.95E-05,0.000109042,7.49E-05,7.47E-05,0.000123879,7.45E-05,8.37E-05,1.81E-05,6.56E-05
3/10/2014,MSFT,4.47E-05,3.74E-05,4.49E-05,3.96E-05,4.83E-05,1.84E-05,2.99E-05,3.70E-05,3.14E-05,1.43E-05,3.52E-05,4.49E-05,1.26E-05,3.24E-05
3/11/2014,MSFT,6.59E-05,6.79E-05,5.94E-05,7.54E-05,7.82E-05,4.76E-05,3.05E-05,5.32E-05,4.01E-05,5.72E-05,4.27E-05,5.95E-05,4.05E-05,1.90E-05
3/12/2014,MSFT,7.84E-05,7.88E-05,8.83E-05,8.54E-05,8.54E-05,5.59E-05,2.96E-05,7.11E-05,6.63E-05,9.18E-05,6.38E-05,7.14E-05,5.23E-05,1.91E-05
3/13/2014,MSFT,0.000109735,0.0001183,6.63E-05,0.000114014,0.000114457,4.23E-05,7.21E-05,9.40E-05,0.000103983,8.57E-05,9.82E-05,8.89E-05,2.74E-05,6.14E-05
3/14/2014,MSFT,0.000160067,0.00016693,0.000197199,0.000158772,0.00015086,9.08E-05,6.01E-05,0.000160348,0.000108453,0.000147697,0.000119794,0.000176123,0.000115504,6.06E-05
3/17/2014,MSFT,9.85E-05,9.56E-05,0.000175564,9.25E-05,0.000163114,0.00012724,3.59E-05,7.54E-05,6.50E-05,0.000189783,6.11E-05,0.00018521,0.000146416,3.88E-05
3/18/2014,MSFT,0.000247264,0.000252059,0.000401778,0.000272273,0.000283787,0.000233336,5.05E-05,0.000307185,0.000326237,0.000568938,0.000341297,0.000393243,0.000336756,5.65E-05
3/19/2014,MSFT,8.38E-05,8.87E-05,0.000102314,0.000110754,0.000124393,4.37E-05,8.07E-05,0.000128497,0.000117996,3.49E-05,0.000144214,0.000170101,5.51E-05,0.000115001
3/20/2014,MSFT,0.000135327,0.000157747,0.000198871,0.000152402,0.000148109,0.000113053,3.51E-05,0.000194011,0.00021987,0.000276445,0.00019127,0.000165427,0.000131806,3.36E-05
3/21/2014,MSFT,0.000209056,0.000197374,0.000165846,0.000196003,0.000198755,7.98E-05,0.000118985,0.000182138,0.000210468,0.00021842,0.000211191,0.000205582,6.27E-05,0.000142854
3/24/2014,MSFT,0.000143621,0.00013653,0.00013297,0.000125738,0.000125494,6.53E-05,6.02E-05,0.000152535,0.000152726,0.000119203,0.000143117,0.000135217,7.54E-05,5.98E-05
3/25/2014,MSFT,0.000157255,0.00015274,0.000159309,0.000158691,0.000190033,9.49E-05,9.52E-05,0.000100872,8.63E-05,0.000197193,0.000111887,0.000141333,5.86E-05,8.28E-05
3/26/2014,MSFT,0.000146136,0.000147011,0.00014557,0.000147778,0.000158943,5.26E-05,0.000106327,0.00019434,0.000205419,9.53E-05,0.000174555,0.000169134,5.92E-05,0.000109961
3/27/2014,MSFT,0.000182069,0.000179058,0.000130812,0.000180051,0.000207104,7.24E-05,0.000134655,0.000135025,0.000143601,8.40E-05,0.000138785,0.00016371,6.67E-05,9.70E-05
3/28/2014,MSFT,0.000112288,0.000132942,0.000255701,0.000133835,0.000216383,0.000163863,5.25E-05,0.000107083,0.000103757,0.000275592,0.000112128,0.000246527,0.000187915,5.86E-05
3/31/2014,MSFT,0.000158962,0.000172087,0.000334796,0.000181137,0.000234436,0.000172156,6.23E-05,0.000224772,0.000109609,0.000321546,0.000157229,0.000283716,0.000218056,6.57E-05
4/1/2014,MSFT,8.82E-05,8.04E-05,6.51E-05,9.21E-05,0.000115284,7.59E-05,3.94E-05,6.55E-05,6.95E-05,6.60E-05,7.09E-05,8.51E-05,5.70E-05,2.82E-05
4/2/2014,MSFT,0.000103141,0.000117135,0.000114787,0.000111228,0.00010634,4.93E-05,5.70E-05,0.000143277,0.000127543,1.20E-05,0.000114288,0.000120412,4.86E-05,7.18E-05
4/3/2014,MSFT,9.05E-05,9.30E-05,9.66E-05,9.84E-05,0.000140113,3.54E-05,0.000104734,6.87E-05,6.07E-05,0.000105894,7.20E-05,9.89E-05,2.74E-05,7.15E-05
4/4/2014,MSFT,0.000358273,0.000349158,0.000348408,0.000351502,0.000357903,0.000104678,0.000253225,0.000298606,0.000249215,0.000316858,0.000266824,0.000361975,8.14E-05,0.00028055
4/7/2014,MSFT,0.000237723,0.000253258,7.68E-05,0.000248823,0.000240424,0.000122642,0.000117782,0.000156782,0.000157461,0.000139809,0.000149538,0.000142628,5.63E-05,8.63E-05
4/8/2014,MSFT,0.000134299,0.000126707,0.00014411,0.000136182,0.000155867,6.02E-05,9.56E-05,0.00012473,0.000140325,0.000197551,0.00014118,0.000132493,7.11E-05,6.14E-05
4/9/2014,MSFT,0.000166256,0.000160366,0.000219399,0.000141111,0.000152628,9.84E-05,5.42E-05,0.000126816,0.000160413,0.00020702,0.000153422,0.000208244,0.000152856,5.54E-05
4/10/2014,MSFT,0.000255062,0.000266688,0.000330337,0.000304184,0.000332065,0.000112301,0.000219763,0.000303065,0.000317483,0.000179738,0.000305975,0.000277211,8.58E-05,0.000191427
4/11/2014,MSFT,0.000302171,0.000295428,0.000413516,0.000310338,0.000310622,0.000183398,0.000127224,0.000346246,0.000431661,0.000315759,0.000389908,0.000370793,0.00022616,0.000144632
4/14/2014,MSFT,0.000145155,0.000122409,0.000200329,0.000126008,0.000166378,9.36E-05,7.28E-05,0.000238187,0.000293442,0.000156449,0.000205491,0.000181302,9.21E-05,8.92E-05
4/15/2014,MSFT,0.000232557,0.000210673,0.000274986,0.000211147,0.000239573,0.000133826,0.000105747,0.000255581,0.000259029,0.000325065,0.000221113,0.00022574,0.000136845,8.89E-05
4/16/2014,MSFT,0.000161709,0.000168251,0.000143942,0.00016938,0.00019124,0.000101875,8.94E-05,9.21E-05,5.71E-05,0.00017244,7.16E-05,0.000132338,8.19E-05,5.04E-05
4/17/2014,MSFT,0.000126683,0.00012032,0.000119685,0.000135604,0.000171525,5.27E-05,0.000118786,0.000106665,0.000100057,0.000129396,0.000103933,0.000105832,3.81E-05,6.77E-05
4/21/2014,MSFT,5.18E-05,5.52E-05,4.95E-05,4.99E-05,4.71E-05,2.48E-05,2.22E-05,4.77E-05,4.95E-05,3.96E-05,4.21E-05,4.12E-05,1.59E-05,2.53E-05
4/22/2014,MSFT,4.96E-05,5.48E-05,3.77E-05,4.99E-05,4.55E-05,2.18E-05,2.37E-05,3.51E-05,3.07E-05,4.72E-05,4.02E-05,4.57E-05,1.99E-05,2.58E-05
4/23/2014,MSFT,5.99E-05,5.97E-05,6.76E-05,6.12E-05,7.78E-05,2.41E-05,5.36E-05,5.31E-05,5.97E-05,8.75E-05,5.75E-05,6.59E-05,2.44E-05,4.15E-05
4/24/2014,MSFT,0.000112521,9.12E-05,0.000144531,9.83E-05,0.00013553,6.12E-05,7.44E-05,0.000134862,0.000131617,0.000142077,0.000111297,0.000121763,4.59E-05,7.58E-05
4/25/2014,MSFT,0.000183136,0.000172706,0.000170296,0.000170615,0.000170893,7.44E-05,9.65E-05,0.00015189,0.0001333,0.00023937,0.000148438,0.000164193,6.54E-05,9.88E-05
4/28/2014,MSFT,0.000291071,0.000278726,0.000396355,0.000283525,0.000300854,0.000206556,9.43E-05,0.000333292,0.00024159,0.000362648,0.000270141,0.000353108,0.000275951,7.72E-05
4/29/2014,MSFT,9.49E-05,9.44E-05,0.000125963,9.25E-05,9.33E-05,2.99E-05,6.34E-05,0.00010554,8.41E-05,0.000167632,9.77E-05,0.000121234,3.28E-05,8.84E-05
4/30/2014,MSFT,6.09E-05,5.87E-05,4.13E-05,5.54E-05,5.56E-05,2.74E-05,2.82E-05,3.91E-05,3.61E-05,2.98E-05,3.79E-05,4.35E-05,2.17E-05,2.17E-05
5/1/2014,MSFT,2.11E-05,1.81E-05,1.74E-05,2.17E-05,2.60E-05,8.08E-06,1.79E-05,2.84E-05,2.44E-05,1.37E-05,2.24E-05,2.41E-05,8.37E-06,1.57E-05
5/2/2014,MSFT,9.23E-05,8.20E-05,9.78E-05,8.75E-05,0.000124442,3.69E-05,8.75E-05,0.000127481,0.000105321,0.000138897,8.60E-05,0.000111669,2.31E-05,8.86E-05
5/5/2014,MSFT,5.16E-05,5.88E-05,4.25E-05,6.06E-05,6.79E-05,2.06E-05,4.73E-05,2.82E-05,2.50E-05,3.95E-05,2.86E-05,4.30E-05,1.99E-05,2.31E-05
5/6/2014,MSFT,5.80E-05,5.21E-05,5.09E-05,5.60E-05,5.66E-05,2.07E-05,3.59E-05,6.24E-05,7.08E-05,7.77E-05,5.79E-05,5.18E-05,1.74E-05,3.44E-05
5/7/2014,MSFT,0.000177154,0.000184208,0.000210721,0.000180714,0.000183949,9.19E-05,9.21E-05,0.000138011,0.000101495,0.00021278,0.00014107,0.000183389,9.83E-05,8.51E-05
5/8/2014,MSFT,0.000139068,0.000143031,0.000113561,0.000136559,0.000141657,7.60E-05,6.57E-05,6.62E-05,6.42E-05,0.000118067,7.08E-05,9.08E-05,6.95E-05,2.13E-05
5/9/2014,MSFT,9.93E-05,0.000102365,5.66E-05,9.77E-05,8.65E-05,4.31E-05,4.33E-05,5.41E-05,5.27E-05,6.78E-05,6.16E-05,7.44E-05,4.32E-05,3.12E-05
5/12/2014,MSFT,4.14E-05,3.32E-05,3.59E-05,3.58E-05,3.83E-05,2.35E-05,1.48E-05,3.77E-05,3.68E-05,4.00E-05,3.89E-05,4.53E-05,3.19E-05,1.34E-05
5/13/2014,MSFT,0.000129288,0.000127736,9.02E-05,0.000133095,0.000130202,9.14E-05,3.88E-05,9.94E-05,8.79E-05,0.000136914,0.000111018,0.000125709,9.98E-05,2.59E-05
5/14/2014,MSFT,7.29E-05,8.50E-05,5.70E-05,8.15E-05,7.71E-05,3.37E-05,4.34E-05,6.56E-05,8.69E-05,2.20E-05,8.05E-05,7.19E-05,3.77E-05,3.42E-05
5/15/2014,MSFT,0.000135078,0.000132669,0.000149768,0.000131489,0.000150657,5.94E-05,9.12E-05,0.000112798,8.60E-05,0.000122283,0.000101006,0.000126065,2.55E-05,0.000100546
5/16/2014,MSFT,8.79E-05,7.68E-05,0.000110279,8.33E-05,0.000115543,5.43E-05,6.13E-05,0.000118849,8.23E-05,8.43E-05,7.62E-05,0.000105123,4.66E-05,5.85E-05
5/19/2014,MSFT,5.68E-05,5.30E-05,7.47E-05,6.00E-05,8.82E-05,3.39E-05,5.42E-05,0.000109018,0.00010693,1.33E-05,9.06E-05,9.52E-05,3.89E-05,5.63E-05
5/20/2014,MSFT,4.09E-05,3.85E-05,6.91E-05,4.89E-05,6.88E-05,3.25E-05,3.63E-05,5.85E-05,5.63E-05,6.17E-05,6.37E-05,7.08E-05,3.12E-05,3.95E-05
5/21/2014,MSFT,5.79E-05,6.17E-05,8.15E-05,6.91E-05,7.43E-05,5.78E-05,1.65E-05,3.06E-05,2.98E-05,8.41E-05,3.90E-05,6.47E-05,5.75E-05,7.20E-06
5/22/2014,MSFT,4.24E-05,4.69E-05,7.21E-05,4.31E-05,4.30E-05,1.64E-05,2.66E-05,3.91E-05,3.96E-05,6.98E-05,4.23E-05,5.30E-05,2.11E-05,3.20E-05
5/23/2014,MSFT,7.18E-05,7.22E-05,2.20E-05,5.81E-05,6.15E-05,2.40E-05,3.75E-05,3.09E-05,3.88E-05,2.39E-05,3.51E-05,3.34E-05,9.78E-06,2.36E-05
5/27/2014,MSFT,2.63E-05,2.91E-05,9.76E-05,3.35E-05,0.000103774,2.12E-05,8.26E-05,3.83E-05,3.30E-05,9.25E-05,3.69E-05,0.000108408,2.72E-05,8.12E-05
5/28/2014,MSFT,4.62E-05,4.20E-05,6.03E-05,4.37E-05,5.35E-05,2.60E-05,2.75E-05,5.65E-05,5.44E-05,3.56E-05,5.43E-05,6.73E-05,2.58E-05,4.15E-05
5/29/2014,MSFT,3.35E-05,3.42E-05,2.84E-05,3.73E-05,4.98E-05,1.73E-05,3.25E-05,2.76E-05,2.66E-05,5.77E-05,3.28E-05,3.53E-05,1.74E-05,1.78E-05
5/30/2014,MSFT,0.00010826,8.29E-05,8.35E-05,0.000107902,0.000126401,8.42E-05,4.22E-05,8.60E-05,8.56E-05,9.01E-05,7.73E-05,7.61E-05,4.69E-05,2.92E-05
6/2/2014,MSFT,4.02E-05,3.61E-05,4.36E-05,4.30E-05,5.21E-05,3.02E-05,2.19E-05,6.16E-05,6.90E-05,-6.38E-06,6.45E-05,5.30E-05,2.95E-05,2.35E-05
6/3/2014,MSFT,4.56E-05,5.25E-05,3.00E-05,4.78E-05,4.46E-05,1.73E-05,2.73E-05,1.86E-05,2.08E-05,4.06E-05,2.16E-05,3.17E-05,6.21E-06,2.55E-05
6/4/2014,MSFT,5.06E-05,4.38E-05,5.09E-05,4.43E-05,5.95E-05,2.56E-05,3.39E-05,7.12E-05,7.37E-05,5.29E-05,5.64E-05,5.23E-05,2.38E-05,2.85E-05
6/5/2014,MSFT,5.83E-05,5.69E-05,5.33E-05,5.49E-05,6.83E-05,3.99E-05,2.83E-05,5.67E-05,6.16E-05,6.56E-05,5.52E-05,5.35E-05,3.76E-05,1.59E-05
6/6/2014,MSFT,6.98E-05,7.17E-05,4.17E-05,9.06E-05,0.000104909,3.16E-05,7.33E-05,8.47E-05,7.56E-05,5.90E-05,7.34E-05,8.45E-05,3.35E-05,5.10E-05
6/9/2014,MSFT,3.99E-05,4.28E-05,5.86E-05,4.26E-05,6.64E-05,1.86E-05,4.78E-05,2.77E-05,2.55E-05,4.87E-05,3.08E-05,5.19E-05,1.79E-05,3.39E-05
6/10/2014,MSFT,2.96E-05,3.08E-05,2.77E-05,2.98E-05,3.10E-05,1.64E-05,1.46E-05,2.24E-05,2.06E-05,2.09E-05,2.28E-05,2.76E-05,1.36E-05,1.40E-05
6/11/2014,MSFT,4.21E-05,4.36E-05,3.11E-05,3.79E-05,4.00E-05,1.80E-05,2.20E-05,4.45E-05,4.49E-05,4.21E-05,3.79E-05,3.40E-05,1.51E-05,1.89E-05
6/12/2014,MSFT,0.000104759,0.000102102,8.53E-05,0.000112115,0.000121302,4.43E-05,7.70E-05,8.23E-05,0.000108257,0.000118439,0.00011266,0.000124742,5.33E-05,7.15E-05
6/13/2014,MSFT,0.000170365,0.000177172,9.65E-05,0.000151614,0.000145252,7.46E-05,7.07E-05,0.000105757,0.000113129,0.000105958,0.000112526,0.000107285,6.67E-05,4.05E-05
6/16/2014,MSFT,0.000102228,0.000110845,0.000136352,0.000114983,0.000114372,7.65E-05,3.79E-05,0.00014475,0.000129235,0.00019769,0.000121098,0.000129035,9.03E-05,3.87E-05
6/17/2014,MSFT,7.61E-05,6.38E-05,8.08E-05,7.05E-05,8.58E-05,5.76E-05,2.82E-05,9.16E-05,8.86E-05,9.55E-05,7.56E-05,7.53E-05,4.58E-05,2.95E-05
6/18/2014,MSFT,6.23E-05,6.05E-05,6.24E-05,5.99E-05,6.78E-05,3.10E-05,3.68E-05,6.52E-05,7.43E-05,0.00011731,6.74E-05,7.44E-05,3.58E-05,3.86E-05
6/19/2014,MSFT,5.71E-05,5.28E-05,4.01E-05,5.55E-05,6.34E-05,3.46E-05,2.88E-05,4.73E-05,4.67E-05,3.86E-05,4.73E-05,5.18E-05,2.65E-05,2.53E-05
6/20/2014,MSFT,3.61E-05,3.74E-05,8.99E-05,4.16E-05,5.22E-05,3.58E-05,1.64E-05,4.69E-05,4.73E-05,9.34E-05,4.52E-05,5.80E-05,4.16E-05,1.64E-05
6/23/2014,MSFT,3.04E-05,3.14E-05,4.99E-05,3.03E-05,3.41E-05,2.41E-05,1.00E-05,3.40E-05,3.31E-05,6.89E-05,3.46E-05,4.52E-05,3.44E-05,1.08E-05
6/24/2014,MSFT,8.08E-05,8.50E-05,7.64E-05,7.83E-05,8.29E-05,3.33E-05,4.96E-05,6.42E-05,6.87E-05,7.32E-05,7.18E-05,8.58E-05,2.95E-05,5.63E-05
6/25/2014,MSFT,4.61E-05,5.31E-05,6.16E-05,5.10E-05,4.63E-05,2.58E-05,2.05E-05,2.89E-05,2.99E-05,6.42E-05,3.03E-05,3.77E-05,2.01E-05,1.76E-05
6/26/2014,MSFT,3.83E-05,4.18E-05,7.20E-05,4.71E-05,5.26E-05,1.58E-05,3.68E-05,4.85E-05,2.15E-05,7.36E-05,3.03E-05,6.83E-05,1.86E-05,4.97E-05
6/27/2014,MSFT,8.37E-05,8.91E-05,9.78E-05,8.82E-05,9.89E-05,6.82E-05,3.07E-05,7.71E-05,7.61E-05,0.000114268,8.23E-05,0.000121786,9.49E-05,2.69E-05
6/30/2014,MSFT,5.98E-05,6.29E-05,2.36E-05,5.42E-05,5.21E-05,2.11E-05,3.11E-05,2.92E-05,2.64E-05,3.84E-05,3.20E-05,4.05E-05,1.30E-05,2.74E-05
7/1/2014,MSFT,8.67E-05,8.96E-05,5.79E-05,8.31E-05,7.60E-05,3.71E-05,3.89E-05,6.74E-05,7.70E-05,3.90E-05,7.43E-05,6.50E-05,3.97E-05,2.53E-05
7/2/2014,MSFT,2.92E-05,2.99E-05,3.01E-05,3.30E-05,4.16E-05,1.84E-05,2.32E-05,3.44E-05,3.54E-05,3.32E-05,3.28E-05,3.63E-05,1.68E-05,1.94E-05
7/3/2014,MSFT,0.000116446,0.000115484,0.000216515,0.000102364,0.000281832,0.000161107,0.000120724,0.000200604,0.000116911,0.000276166,0.000139359,0.000271693,0.000165926,0.000105767
7/7/2014,MSFT,3.10E-05,2.80E-05,4.23E-05,3.44E-05,4.03E-05,2.33E-05,1.70E-05,1.80E-05,1.87E-05,3.55E-05,2.25E-05,3.38E-05,2.59E-05,7.81E-06
7/8/2014,MSFT,6.32E-05,5.30E-05,1.74E-05,5.66E-05,6.39E-05,2.95E-05,3.45E-05,3.26E-05,3.51E-05,2.46E-05,3.95E-05,3.75E-05,1.58E-05,2.17E-05
7/9/2014,MSFT,5.22E-05,5.67E-05,7.35E-05,5.11E-05,5.17E-05,1.89E-05,3.28E-05,3.99E-05,2.80E-05,6.45E-05,3.08E-05,5.56E-05,1.40E-05,4.16E-05
7/10/2014,MSFT,8.37E-05,8.20E-05,8.30E-05,9.08E-05,0.000100805,5.63E-05,4.45E-05,0.000102394,6.87E-05,8.03E-05,6.67E-05,9.76E-05,6.11E-05,3.65E-05
7/11/2014,MSFT,5.17E-05,4.78E-05,4.09E-05,5.12E-05,6.96E-05,2.97E-05,3.99E-05,3.75E-05,3.43E-05,3.06E-05,3.80E-05,4.65E-05,2.88E-05,1.78E-05
7/14/2014,MSFT,4.74E-05,4.41E-05,5.96E-05,4.71E-05,5.52E-05,2.33E-05,3.19E-05,4.44E-05,4.56E-05,3.79E-05,4.64E-05,4.92E-05,2.23E-05,2.69E-05
7/15/2014,MSFT,5.37E-05,5.89E-05,6.31E-05,6.19E-05,7.30E-05,3.52E-05,3.79E-05,4.05E-05,3.35E-05,6.82E-05,4.26E-05,6.97E-05,4.51E-05,2.47E-05
7/16/2014,MSFT,0.000147228,0.00016867,0.000209892,0.0001536,0.000139431,0.000110451,2.90E-05,0.000167428,0.000190128,0.000281543,0.000169466,0.000175245,0.00015139,2.39E-05
7/17/2014,MSFT,0.000244864,0.000248342,0.000179936,0.000223223,0.000208891,7.38E-05,0.000135139,0.000175891,0.000132975,0.000254263,0.000153182,0.000179898,4.60E-05,0.000133886
7/18/2014,MSFT,0.000116311,0.000130952,9.93E-05,0.000121694,0.000109188,4.74E-05,6.18E-05,5.46E-05,5.80E-05,9.46E-05,7.04E-05,0.000124135,4.54E-05,7.88E-05
7/21/2014,MSFT,8.63E-05,9.99E-05,9.33E-05,8.49E-05,7.80E-05,4.24E-05,3.56E-05,6.85E-05,8.25E-05,0.000123104,7.10E-05,6.26E-05,3.96E-05,2.30E-05
7/22/2014,MSFT,9.89E-05,0.000104403,3.26E-05,9.12E-05,9.20E-05,4.32E-05,4.88E-05,5.00E-05,4.13E-05,4.77E-05,5.13E-05,5.96E-05,2.81E-05,3.15E-05
7/23/2014,MSFT,0.000300193,0.000308182,0.000314015,0.000289117,0.000281905,9.72E-05,0.00018471,0.000156696,0.000128966,0.000304952,0.000147156,0.000340936,9.85E-05,0.000242444
7/24/2014,MSFT,6.01E-05,5.55E-05,6.11E-05,6.52E-05,7.91E-05,2.26E-05,5.65E-05,4.83E-05,5.70E-05,9.86E-05,5.63E-05,6.59E-05,2.40E-05,4.19E-05
7/25/2014,MSFT,3.45E-05,3.57E-05,5.55E-05,3.70E-05,4.79E-05,2.97E-05,1.82E-05,3.12E-05,3.19E-05,3.31E-05,3.64E-05,6.07E-05,3.42E-05,2.65E-05
7/28/2014,MSFT,8.08E-05,8.42E-05,7.41E-05,8.83E-05,8.97E-05,3.55E-05,5.42E-05,4.40E-05,4.19E-05,0.000110525,5.50E-05,7.69E-05,3.33E-05,4.36E-05
7/29/2014,MSFT,8.63E-05,7.98E-05,6.86E-05,7.14E-05,7.71E-05,3.58E-05,4.13E-05,8.99E-05,0.000115793,4.80E-05,8.86E-05,7.67E-05,3.45E-05,4.22E-05
7/30/2014,MSFT,7.69E-05,5.70E-05,7.93E-05,6.53E-05,8.87E-05,3.06E-05,5.81E-05,7.84E-05,7.36E-05,8.29E-05,7.31E-05,8.19E-05,1.84E-05,6.36E-05
7/31/2014,MSFT,0.000106378,0.000105592,0.000163584,0.000112642,0.000133612,6.99E-05,6.37E-05,0.000134837,9.36E-05,0.00018244,0.000116494,0.000163792,7.77E-05,8.61E-05
8/1/2014,MSFT,0.000263149,0.000242455,0.0001115,0.000223423,0.00022908,9.40E-05,0.000135077,0.000162506,0.000143728,0.000134806,0.000147295,0.000143451,7.33E-05,7.02E-05
8/4/2014,MSFT,0.000106765,0.000118252,5.85E-05,0.000110318,0.000102604,6.17E-05,4.09E-05,2.68E-05,2.78E-05,2.48E-05,3.02E-05,3.10E-05,2.26E-05,8.49E-06
8/5/2014,MSFT,0.000149599,0.000163826,0.000167317,0.000144688,0.000163593,6.11E-05,0.000102447,0.000123779,0.000128121,0.000155116,0.000148003,0.000190877,6.11E-05,0.000129797
8/6/2014,MSFT,0.00011076,0.000103892,0.000169373,0.000101141,0.000136894,6.76E-05,6.93E-05,0.000159727,0.000135548,9.31E-05,0.000139135,0.00016163,9.22E-05,6.94E-05
8/7/2014,MSFT,0.000151357,0.000152973,9.61E-05,0.000133216,0.000135336,8.62E-05,4.92E-05,0.000132024,0.000140915,0.000106994,0.000106442,9.65E-05,6.45E-05,3.20E-05
8/8/2014,MSFT,4.77E-05,4.55E-05,5.38E-05,4.81E-05,5.96E-05,2.53E-05,3.43E-05,7.13E-05,6.56E-05,1.66E-05,6.31E-05,6.90E-05,3.22E-05,3.67E-05
8/11/2014,MSFT,5.41E-05,5.24E-05,4.78E-05,5.45E-05,6.47E-05,2.92E-05,3.55E-05,3.36E-05,3.39E-05,6.55E-05,3.93E-05,5.28E-05,3.03E-05,2.25E-05
8/12/2014,MSFT,0.00010048,9.20E-05,0.000106888,7.74E-05,8.04E-05,5.55E-05,2.49E-05,0.000107434,0.000101985,4.50E-05,0.000101816,9.16E-05,6.57E-05,2.60E-05
8/13/2014,MSFT,7.70E-05,7.36E-05,6.84E-05,6.34E-05,6.40E-05,3.99E-05,2.41E-05,7.64E-05,8.24E-05,5.36E-05,7.72E-05,7.83E-05,5.49E-05,2.34E-05
8/14/2014,MSFT,5.66E-05,5.74E-05,4.14E-05,5.26E-05,5.27E-05,2.91E-05,2.36E-05,5.29E-05,5.28E-05,3.57E-05,4.25E-05,4.44E-05,2.49E-05,1.95E-05
8/15/2014,MSFT,0.000113971,0.000118906,7.70E-05,0.000110057,0.000104255,5.15E-05,5.27E-05,5.16E-05,6.41E-05,4.45E-05,5.96E-05,5.60E-05,3.45E-05,2.15E-05
8/18/2014,MSFT,3.90E-05,3.94E-05,3.16E-05,3.76E-05,3.49E-05,1.85E-05,1.64E-05,5.05E-05,5.07E-05,2.99E-05,4.49E-05,4.33E-05,2.25E-05,2.08E-05
8/19/2014,MSFT,3.41E-05,3.61E-05,4.74E-05,3.49E-05,3.37E-05,2.07E-05,1.31E-05,4.05E-05,4.22E-05,5.28E-05,4.06E-05,3.94E-05,2.59E-05,1.35E-05
8/20/2014,MSFT,3.35E-05,3.59E-05,4.58E-05,3.89E-05,3.90E-05,1.49E-05,2.41E-05,5.56E-05,5.82E-05,5.31E-05,4.95E-05,4.47E-05,1.49E-05,2.99E-05
8/21/2014,MSFT,4.03E-05,2.40E-05,6.88E-05,3.68E-05,6.18E-05,4.44E-05,1.74E-05,6.19E-05,5.73E-05,2.59E-05,5.67E-05,7.30E-05,5.49E-05,1.82E-05
8/22/2014,MSFT,7.41E-05,6.36E-05,6.59E-05,7.08E-05,9.23E-05,3.20E-05,6.03E-05,7.28E-05,8.62E-05,1.25E-05,7.77E-05,6.91E-05,2.72E-05,4.19E-05
8/25/2014,MSFT,3.19E-05,3.36E-05,2.34E-05,2.91E-05,2.83E-05,1.25E-05,1.58E-05,2.46E-05,2.12E-05,3.02E-05,2.03E-05,2.26E-05,8.76E-06,1.38E-05
8/26/2014,MSFT,3.16E-05,3.35E-05,2.65E-05,3.22E-05,3.19E-05,1.19E-05,2.00E-05,2.18E-05,2.14E-05,2.18E-05,1.83E-05,1.92E-05,5.71E-06,1.35E-05
8/27/2014,MSFT,2.66E-05,2.69E-05,6.52E-06,2.36E-05,2.04E-05,1.01E-05,1.03E-05,1.81E-05,1.97E-05,9.86E-06,1.75E-05,1.58E-05,8.83E-06,7.02E-06
8/28/2014,MSFT,1.76E-05,2.12E-05,1.97E-05,2.34E-05,2.36E-05,1.45E-05,9.07E-06,2.89E-05,2.21E-05,2.14E-05,2.32E-05,2.55E-05,1.51E-05,1.04E-05
8/29/2014,MSFT,5.01E-05,5.83E-05,4.62E-05,5.13E-05,4.69E-05,2.87E-05,1.83E-05,3.42E-05,2.42E-05,5.12E-05,3.12E-05,4.81E-05,3.36E-05,1.45E-05
9/2/2014,MSFT,4.38E-05,3.93E-05,8.25E-05,5.64E-05,7.47E-05,1.54E-05,5.94E-05,2.85E-05,2.67E-05,0.000105443,2.87E-05,9.53E-05,1.05E-05,8.48E-05
9/3/2014,MSFT,4.58E-05,2.69E-05,5.28E-05,3.73E-05,7.62E-05,6.28E-05,1.34E-05,3.92E-05,3.41E-05,8.19E-05,3.70E-05,5.12E-05,4.34E-05,7.76E-06
9/4/2014,MSFT,5.50E-05,6.07E-05,7.94E-05,6.01E-05,6.11E-05,4.48E-05,1.63E-05,3.34E-05,2.85E-05,7.37E-05,2.97E-05,6.25E-05,5.18E-05,1.07E-05
9/5/2014,MSFT,6.30E-05,6.18E-05,5.69E-05,6.38E-05,6.63E-05,4.50E-05,2.13E-05,7.34E-05,6.64E-05,7.15E-05,5.71E-05,6.36E-05,5.11E-05,1.25E-05
9/8/2014,MSFT,6.87E-05,8.15E-05,0.000133409,8.31E-05,0.000127842,0.00010014,2.77E-05,8.95E-05,8.74E-05,0.000194617,9.15E-05,0.000137044,0.000114833,2.22E-05
9/9/2014,MSFT,4.19E-05,4.36E-05,4.79E-05,4.66E-05,5.28E-05,3.37E-05,1.91E-05,5.44E-05,5.76E-05,3.82E-05,5.96E-05,6.21E-05,4.17E-05,2.04E-05
9/10/2014,MSFT,3.66E-05,3.83E-05,2.78E-05,3.77E-05,4.33E-05,1.80E-05,2.53E-05,2.48E-05,2.30E-05,2.39E-05,2.20E-05,2.59E-05,9.79E-06,1.62E-05
9/11/2014,MSFT,5.12E-05,5.14E-05,6.80E-05,5.25E-05,6.15E-05,3.32E-05,2.83E-05,5.14E-05,4.41E-05,4.26E-05,5.02E-05,6.32E-05,3.63E-05,2.69E-05
9/12/2014,MSFT,3.67E-05,3.84E-05,2.83E-05,3.55E-05,3.83E-05,1.51E-05,2.32E-05,7.32E-06,7.87E-06,3.64E-05,1.20E-05,3.14E-05,6.97E-06,2.44E-05
9/15/2014,MSFT,6.10E-05,6.56E-05,6.15E-05,7.31E-05,6.99E-05,2.71E-05,4.28E-05,6.73E-05,6.77E-05,1.58E-05,7.57E-05,8.31E-05,2.18E-05,6.12E-05
9/16/2014,MSFT,5.15E-05,5.99E-05,4.08E-05,5.88E-05,5.55E-05,3.50E-05,2.05E-05,4.12E-05,3.16E-05,3.06E-05,3.65E-05,4.50E-05,3.15E-05,1.35E-05
9/17/2014,MSFT,7.51E-05,6.58E-05,8.98E-05,6.87E-05,7.46E-05,4.29E-05,3.17E-05,7.83E-05,8.07E-05,7.74E-05,7.28E-05,7.41E-05,5.23E-05,2.17E-05
9/18/2014,MSFT,2.21E-05,2.34E-05,1.89E-05,2.22E-05,2.06E-05,1.20E-05,8.61E-06,1.92E-05,1.89E-05,2.26E-05,2.24E-05,2.46E-05,1.24E-05,1.22E-05
9/19/2014,MSFT,0.000114528,0.000110887,0.000147704,0.000109983,0.00011906,8.39E-05,3.51E-05,0.000154265,0.000157044,0.000177222,0.000144786,0.000145999,0.000101819,4.42E-05
9/22/2014,MSFT,6.28E-05,5.30E-05,8.05E-05,5.52E-05,5.99E-05,2.59E-05,3.41E-05,7.11E-05,7.43E-05,5.09E-05,6.58E-05,7.64E-05,2.81E-05,4.83E-05
9/23/2014,MSFT,4.51E-05,4.98E-05,3.44E-05,4.42E-05,4.35E-05,1.78E-05,2.57E-05,1.88E-05,1.70E-05,2.54E-05,1.91E-05,2.79E-05,8.50E-06,1.94E-05
9/24/2014,MSFT,5.07E-05,5.10E-05,6.42E-05,5.52E-05,6.44E-05,3.45E-05,2.99E-05,5.98E-05,6.31E-05,7.28E-05,5.24E-05,5.38E-05,3.77E-05,1.60E-05
9/25/2014,MSFT,0.000121939,0.000109566,7.29E-05,9.76E-05,0.00010309,3.18E-05,7.13E-05,4.94E-05,6.22E-05,7.78E-05,7.00E-05,8.38E-05,1.12E-05,7.26E-05
9/26/2014,MSFT,0.000101967,0.000113279,5.95E-05,0.00010266,9.13E-05,5.71E-05,3.42E-05,9.45E-05,7.96E-05,0.000112102,7.31E-05,7.72E-05,5.58E-05,2.13E-05
9/29/2014,MSFT,9.03E-05,8.57E-05,5.59E-05,9.14E-05,0.000104609,6.99E-05,3.47E-05,5.94E-05,5.28E-05,3.46E-05,6.15E-05,6.91E-05,4.42E-05,2.48E-05
9/30/2014,MSFT,7.07E-05,7.42E-05,4.78E-05,7.47E-05,7.71E-05,3.91E-05,3.79E-05,4.44E-05,5.15E-05,6.47E-05,5.27E-05,5.20E-05,2.46E-05,2.75E-05
10/1/2014,MSFT,0.000136487,0.000124486,5.08E-05,0.000129,0.000134784,5.77E-05,7.71E-05,9.59E-05,9.29E-05,4.52E-05,7.75E-05,7.53E-05,2.59E-05,4.94E-05
10/2/2014,MSFT,9.21E-05,8.84E-05,7.76E-05,8.71E-05,9.37E-05,4.02E-05,5.36E-05,5.94E-05,5.68E-05,5.41E-05,5.78E-05,7.43E-05,3.36E-05,4.07E-05
10/3/2014,MSFT,9.82E-05,9.57E-05,5.13E-05,8.73E-05,9.83E-05,4.33E-05,5.50E-05,0.000131971,0.000120244,3.38E-05,8.34E-05,0.000104727,4.93E-05,5.54E-05
10/6/2014,MSFT,4.45E-05,4.68E-05,3.75E-05,4.57E-05,4.29E-05,2.15E-05,2.14E-05,2.97E-05,2.63E-05,3.61E-05,3.13E-05,3.34E-05,1.50E-05,1.83E-05
10/7/2014,MSFT,0.000105319,9.12E-05,0.000126934,0.000103936,0.000132153,4.65E-05,8.57E-05,0.000116327,0.000119243,0.00010408,0.000101534,9.85E-05,3.39E-05,6.46E-05
10/8/2014,MSFT,0.00013154,0.000120241,0.000183271,0.000116087,0.000121833,8.55E-05,3.63E-05,0.000128023,0.000113153,0.000171463,0.000115442,0.000150726,0.00011771,3.30E-05
10/9/2014,MSFT,0.00014876,0.000151734,0.000151286,0.000151429,0.000154818,6.64E-05,8.84E-05,0.00015283,0.000154361,0.00021593,0.000162004,0.000175509,7.15E-05,0.000104056
10/10/2014,MSFT,0.00031451,0.000336559,0.00029619,0.000344245,0.000332393,0.000161544,0.000170849,0.000290598,0.000313397,0.000305759,0.000277155,0.000310468,0.000139202,0.000171267
10/13/2014,MSFT,0.000300141,0.000317576,0.000265438,0.000325579,0.000303092,0.000163592,0.0001395,0.000321223,0.000323819,0.000285447,0.000324676,0.00035522,0.000181542,0.000173679
10/14/2014,MSFT,0.000272006,0.000299562,0.000210483,0.000304021,0.000283871,0.000140962,0.000142909,0.000217744,0.000270966,0.000216954,0.000261102,0.000246325,9.75E-05,0.000148824
10/16/2014,MSFT,0.000389121,0.000391092,0.000337473,0.00034012,0.000343455,0.000193495,0.00014996,0.000392626,0.000466595,9.75E-05,0.000415615,0.000388053,0.000237382,0.000150671
10/17/2014,MSFT,0.000181113,0.0001841,0.000311096,0.000197907,0.000235407,0.000121509,0.000113897,0.000181604,0.000148711,0.000309814,0.00018856,0.000301327,0.000151067,0.00015026
10/20/2014,MSFT,0.000146298,0.000159486,8.49E-05,0.000143909,0.000126705,9.09E-05,3.58E-05,0.000118395,9.72E-05,9.18E-05,0.000101666,0.000102251,8.44E-05,1.78E-05
10/21/2014,MSFT,4.50E-05,4.06E-05,4.22E-05,4.70E-05,5.35E-05,3.47E-05,1.88E-05,5.32E-05,5.06E-05,5.11E-05,5.12E-05,5.29E-05,3.54E-05,1.75E-05
10/22/2014,MSFT,6.38E-05,6.46E-05,5.91E-05,6.41E-05,6.30E-05,2.38E-05,3.92E-05,6.21E-05,5.41E-05,6.44E-05,5.61E-05,5.72E-05,1.89E-05,3.83E-05
10/23/2014,MSFT,0.000166736,0.000172358,0.000115768,0.000153424,0.000148069,7.96E-05,6.85E-05,0.000155958,0.000155363,0.000132104,0.000134258,0.000119216,5.74E-05,6.18E-05
10/24/2014,MSFT,0.000475624,0.000376464,0.000546637,0.000405512,0.00045398,8.79E-05,0.000366125,0.000295962,0.000250617,0.000816562,0.000337666,0.000573362,7.89E-05,0.000494446
10/27/2014,MSFT,4.99E-05,5.04E-05,6.67E-05,4.80E-05,7.82E-05,5.01E-05,2.81E-05,3.95E-05,3.64E-05,2.66E-05,4.47E-05,6.67E-05,4.69E-05,1.97E-05
10/28/2014,MSFT,6.01E-05,7.11E-05,0.000114622,7.25E-05,7.96E-05,5.69E-05,2.27E-05,0.000106842,8.39E-05,6.46E-05,9.73E-05,0.000126829,9.06E-05,3.62E-05
10/29/2014,MSFT,9.14E-05,0.000103408,3.70E-05,9.87E-05,9.22E-05,3.91E-05,5.31E-05,0.000106748,8.28E-05,2.22E-05,7.84E-05,8.04E-05,3.94E-05,4.09E-05
10/30/2014,MSFT,7.11E-05,7.25E-05,0.000121577,8.31E-05,0.000104572,5.15E-05,5.31E-05,0.00015438,0.000126687,0.000120982,0.000118909,0.000129558,6.08E-05,6.88E-05
10/31/2014,MSFT,8.31E-05,8.25E-05,7.58E-05,0.000103424,0.000155563,4.11E-05,0.000114485,4.71E-05,4.48E-05,9.69E-05,5.65E-05,8.76E-05,3.15E-05,5.61E-05
11/3/2014,MSFT,7.72E-05,7.12E-05,6.00E-05,6.15E-05,6.24E-05,4.08E-05,2.16E-05,6.51E-05,7.35E-05,9.01E-05,7.12E-05,7.27E-05,6.00E-05,1.27E-05
11/4/2014,MSFT,6.88E-05,6.19E-05,0.00010274,7.21E-05,8.91E-05,5.15E-05,3.76E-05,0.000116316,0.000112419,8.65E-05,0.000111089,0.000105024,6.08E-05,4.42E-05
11/5/2014,MSFT,0.000105899,0.000127246,0.000173943,0.000113067,9.82E-05,4.31E-05,5.51E-05,8.44E-05,7.74E-05,0.000145996,7.89E-05,0.000128232,5.13E-05,7.69E-05
11/6/2014,MSFT,6.38E-05,6.82E-05,9.93E-05,7.67E-05,7.83E-05,5.72E-05,2.11E-05,7.92E-05,8.99E-05,0.000141386,9.76E-05,0.000104507,7.94E-05,2.51E-05
11/7/2014,MSFT,0.000111519,0.000100092,0.000159343,0.000119175,0.000141259,5.06E-05,9.07E-05,0.000113676,0.000137406,7.64E-05,0.000133712,0.00017125,4.59E-05,0.000125383
11/10/2014,MSFT,5.30E-05,5.05E-05,5.83E-05,5.10E-05,5.19E-05,2.68E-05,2.51E-05,4.22E-05,4.40E-05,6.56E-05,5.26E-05,5.57E-05,3.03E-05,2.54E-05
11/11/2014,MSFT,2.24E-05,1.77E-05,1.65E-05,1.97E-05,2.86E-05,1.47E-05,1.39E-05,1.50E-05,1.31E-05,1.82E-05,1.31E-05,1.75E-05,9.66E-06,7.87E-06
11/12/2014,MSFT,3.14E-05,3.19E-05,3.66E-05,3.34E-05,3.61E-05,2.19E-05,1.41E-05,3.36E-05,3.58E-05,5.31E-05,3.80E-05,4.15E-05,2.48E-05,1.67E-05
11/13/2014,MSFT,6.30E-05,5.10E-05,7.98E-05,6.34E-05,6.94E-05,4.53E-05,2.40E-05,0.000104481,0.000104518,8.38E-05,8.92E-05,8.40E-05,5.97E-05,2.43E-05
11/14/2014,MSFT,7.45E-05,7.04E-05,7.37E-05,7.31E-05,7.72E-05,3.38E-05,4.34E-05,6.82E-05,7.89E-05,2.32E-05,6.96E-05,6.51E-05,3.45E-05,3.07E-05
11/17/2014,MSFT,3.77E-05,4.36E-05,5.25E-05,4.64E-05,5.62E-05,2.64E-05,2.98E-05,4.17E-05,4.58E-05,7.06E-05,4.52E-05,5.23E-05,3.00E-05,2.23E-05
11/18/2014,MSFT,5.81E-05,6.03E-05,4.86E-05,5.18E-05,4.88E-05,1.98E-05,2.90E-05,5.11E-05,5.14E-05,2.70E-05,6.01E-05,6.22E-05,2.24E-05,3.98E-05
11/19/2014,MSFT,8.73E-05,9.88E-05,7.81E-05,9.89E-05,9.48E-05,3.45E-05,6.03E-05,8.66E-05,8.71E-05,0.000129877,7.94E-05,8.72E-05,1.92E-05,6.80E-05
11/20/2014,MSFT,4.34E-05,4.70E-05,3.85E-05,4.53E-05,4.24E-05,2.63E-05,1.61E-05,3.18E-05,2.38E-05,4.74E-05,2.85E-05,3.88E-05,2.93E-05,9.45E-06
11/21/2014,MSFT,0.000111225,9.90E-05,0.000104834,0.000110035,0.000120933,4.08E-05,8.01E-05,0.000111225,0.00013316,0.000143433,0.000118626,0.000101009,2.62E-05,7.48E-05
11/24/2014,MSFT,4.53E-05,4.38E-05,0.000125584,5.35E-05,9.10E-05,1.39E-05,7.71E-05,2.64E-05,3.13E-05,0.000151824,4.05E-05,0.000128882,1.70E-05,0.000111886
11/25/2014,MSFT,3.34E-05,3.63E-05,4.49E-05,4.10E-05,6.64E-05,3.78E-05,2.86E-05,6.72E-05,5.03E-05,8.28E-05,4.71E-05,5.71E-05,3.20E-05,2.50E-05
11/26/2014,MSFT,5.30E-05,5.16E-05,5.23E-05,5.36E-05,5.39E-05,3.30E-05,2.10E-05,3.86E-05,3.97E-05,6.80E-05,4.66E-05,5.41E-05,3.67E-05,1.73E-05
11/28/2014,MSFT,0.000107419,0.000104907,6.16E-05,8.93E-05,0.000106346,5.65E-05,4.98E-05,0.000144881,0.000125717,2.04E-05,9.94E-05,0.000120988,5.42E-05,6.68E-05
12/1/2014,MSFT,0.000120232,0.000112366,0.000107714,0.00010785,0.000112138,7.66E-05,3.55E-05,9.61E-05,0.000109488,0.00014985,0.000122907,0.000137184,0.000112506,2.47E-05
12/2/2014,MSFT,5.06E-05,4.65E-05,5.43E-05,4.41E-05,5.43E-05,1.96E-05,3.47E-05,6.11E-05,6.44E-05,7.68E-05,5.74E-05,5.81E-05,2.59E-05,3.22E-05
12/3/2014,MSFT,8.20E-05,8.18E-05,0.000140133,8.58E-05,9.24E-05,3.15E-05,6.09E-05,7.85E-05,9.08E-05,0.000149967,9.32E-05,0.000126414,3.65E-05,8.99E-05
12/4/2014,MSFT,6.05E-05,3.77E-05,0.000129371,6.71E-05,0.000172728,0.000141972,3.08E-05,0.000100501,0.000112397,0.000197414,0.000117683,0.00014553,0.000115868,2.97E-05
12/5/2014,MSFT,5.99E-05,5.84E-05,8.73E-05,5.22E-05,4.88E-05,1.38E-05,3.50E-05,6.01E-05,7.17E-05,6.57E-05,6.90E-05,5.85E-05,1.90E-05,3.94E-05
12/8/2014,MSFT,8.29E-05,7.86E-05,8.51E-05,7.33E-05,6.97E-05,2.43E-05,4.54E-05,5.99E-05,5.76E-05,0.000110694,6.61E-05,7.46E-05,2.35E-05,5.12E-05
12/9/2014,MSFT,0.000131138,0.00013524,0.000171761,0.000142945,0.000161239,0.000105323,5.59E-05,8.95E-05,7.39E-05,0.000118043,9.96E-05,0.000173188,0.000127642,4.55E-05
12/10/2014,MSFT,0.00017142,0.000170026,0.00012162,0.000171226,0.000179714,6.09E-05,0.00011882,0.000151474,0.000169423,0.000232301,0.000153821,0.000141433,4.92E-05,9.22E-05
12/11/2014,MSFT,0.000110494,0.000124658,0.000206723,0.000113474,0.000153204,5.72E-05,9.60E-05,0.000180872,0.000191393,0.000181063,0.000177004,0.000194479,8.21E-05,0.000112333
12/12/2014,MSFT,0.000207635,0.000220917,0.000238951,0.000244765,0.000330261,0.000237028,9.32E-05,0.000183839,9.71E-05,0.000266668,0.000136952,0.000279688,0.000193771,8.59E-05
12/15/2014,MSFT,0.00021733,0.00024074,0.00019559,0.000236565,0.000258216,0.000133824,0.000124393,0.000155024,0.00014137,0.000181469,0.000138298,0.000199845,9.85E-05,0.000101394
12/16/2014,MSFT,0.000346353,0.000361096,0.000246673,0.000316679,0.000300639,0.000133604,0.000167035,0.00013014,0.000145041,0.000176257,0.000131523,0.000127735,4.55E-05,8.23E-05
12/17/2014,MSFT,0.000306414,0.000274704,0.000280804,0.000285751,0.000351138,0.000239232,0.000111906,0.00028993,0.000277667,0.000219396,0.000252828,0.000294332,0.000197601,9.67E-05
12/18/2014,MSFT,0.000152659,0.000124183,0.000183232,0.000137294,0.000174903,0.000114907,6.00E-05,0.000179514,0.00019181,0.000164414,0.000177327,0.000181182,0.000117633,6.35E-05
12/19/2014,MSFT,0.000105874,0.000118789,8.64E-05,0.000136502,0.000150469,7.69E-05,7.36E-05,6.97E-05,7.41E-05,0.000135905,8.74E-05,0.000132008,5.09E-05,8.11E-05
12/22/2014,MSFT,5.22E-05,4.87E-05,5.53E-05,5.00E-05,6.88E-05,4.69E-05,2.19E-05,3.33E-05,3.68E-05,4.43E-05,3.58E-05,4.62E-05,3.03E-05,1.59E-05
12/23/2014,MSFT,6.73E-05,3.31E-05,0.000102166,5.20E-05,8.36E-05,4.33E-05,4.03E-05,0.000103224,0.00010247,4.84E-05,8.77E-05,8.71E-05,4.64E-05,4.07E-05
12/24/2014,MSFT,8.71E-05,7.78E-05,0.000123026,6.75E-05,8.86E-05,2.76E-05,6.11E-05,6.88E-05,8.26E-05,0.00012119,8.48E-05,0.000132821,3.41E-05,9.87E-05
12/26/2014,MSFT,7.66E-05,6.52E-05,4.07E-05,7.64E-05,0.000105364,2.71E-05,7.83E-05,6.04E-05,6.63E-05,5.98E-05,6.10E-05,5.91E-05,1.28E-05,4.63E-05
12/29/2014,MSFT,5.34E-05,5.29E-05,5.75E-05,5.45E-05,5.78E-05,2.07E-05,3.71E-05,2.28E-05,2.42E-05,6.16E-05,3.45E-05,6.94E-05,1.61E-05,5.33E-05
12/30/2014,MSFT,5.30E-05,5.99E-05,5.26E-05,5.25E-05,5.90E-05,2.81E-05,3.09E-05,2.87E-05,1.84E-05,4.13E-05,2.60E-05,4.55E-05,1.67E-05,2.88E-05
12/31/2014,MSFT,0.000100984,0.00010951,0.000109235,9.95E-05,9.38E-05,4.09E-05,5.29E-05,0.000129428,0.00014115,0.000110182,0.000123136,0.000121919,5.37E-05,6.82E-05
1/2/2015,MSFT,0.000105275,9.31E-05,0.000225975,0.000117349,0.000177433,0.000129021,4.84E-05,0.000149735,0.000137222,0.000308365,0.000160601,0.000203596,0.000147465,5.61E-05
1/5/2015,MSFT,0.000109438,0.000121564,0.000119641,0.000122545,0.000119468,5.21E-05,6.74E-05,8.07E-05,7.14E-05,7.04E-05,7.72E-05,9.77E-05,5.16E-05,4.61E-05
1/6/2015,MSFT,0.000197928,0.000196014,0.000274991,0.000204638,0.000215501,7.72E-05,0.000138347,0.000296037,0.000282829,0.000311442,0.000246557,0.000267871,8.62E-05,0.000181679
1/7/2015,MSFT,0.000202521,0.000204092,0.000157205,0.000184006,0.00017582,9.29E-05,8.29E-05,0.00018724,0.00019485,0.000183403,0.000173261,0.000176367,9.31E-05,8.33E-05
1/8/2015,MSFT,0.000124883,0.000145288,0.000131964,0.000131833,0.00011381,7.37E-05,4.01E-05,0.000116025,0.000128645,0.000195602,0.000125672,0.000122101,8.73E-05,3.48E-05
1/9/2015,MSFT,0.000108237,0.000101363,0.000153548,0.000107901,0.000117488,4.70E-05,7.05E-05,0.000151651,0.00015374,0.000141616,0.000140521,0.000127516,5.29E-05,7.47E-05
1/12/2015,MSFT,0.000175815,0.000198094,0.000269836,0.000196373,0.000172669,5.94E-05,0.000113222,0.000184434,0.000161845,0.000293207,0.000178016,0.000222838,6.52E-05,0.000157596
1/13/2015,MSFT,0.00029937,0.000257858,0.000342376,0.000299078,0.000433886,0.000232127,0.000201759,0.000442627,0.000389497,0.000551735,0.000399761,0.000408958,0.00023566,0.000173298
1/14/2015,MSFT,0.00019819,0.000209482,9.27E-05,0.000190424,0.000193992,0.000111414,8.26E-05,0.000198513,0.000222867,3.07E-05,0.00018001,0.000180275,0.000103249,7.70E-05
1/15/2015,MSFT,0.000242685,0.000259523,0.000295477,0.000243013,0.000247151,9.78E-05,0.000149309,0.000247968,0.000286455,0.000356751,0.000250698,0.000262792,6.20E-05,0.000200814
1/16/2015,MSFT,0.000137041,0.000139572,0.000127199,0.000145991,0.000175218,0.000126786,4.84E-05,8.92E-05,9.28E-05,0.000108974,0.000105567,0.000146951,0.000118307,2.86E-05
1/20/2015,MSFT,0.000160038,0.000153575,0.000169302,0.000165866,0.000164324,7.50E-05,8.93E-05,0.000154244,0.000171708,0.000150773,0.000166217,0.000178308,7.25E-05,0.000105854
1/21/2015,MSFT,0.000260358,0.000242553,0.000150205,0.000226474,0.000227049,0.000108595,0.000118454,0.000173232,0.000165562,0.000116254,0.000158289,0.000187868,8.89E-05,9.90E-05
1/22/2015,MSFT,0.000159713,0.000162003,0.000143204,0.000157481,0.000142989,8.63E-05,5.67E-05,0.000207702,0.000190831,6.70E-05,0.000186288,0.000178541,0.000119609,5.89E-05
1/23/2015,MSFT,9.34E-05,0.00011553,9.97E-05,9.69E-05,8.73E-05,3.27E-05,5.46E-05,7.04E-05,7.25E-05,6.68E-05,7.41E-05,9.28E-05,2.67E-05,6.61E-05
1/26/2015,MSFT,0.000106599,0.000109817,0.000148501,0.000113793,0.000136017,5.76E-05,7.84E-05,7.16E-05,6.88E-05,0.00018421,8.79E-05,0.000163077,7.02E-05,9.29E-05
1/27/2015,MSFT,0.000509694,0.000477241,0.000446073,0.000419845,0.000420913,0.000174894,0.000246019,0.000469319,0.00048453,0.000446244,0.000411231,0.000382033,0.000164276,0.000217756
1/28/2015,MSFT,0.000248448,0.000270862,0.000332268,0.000260168,0.000272137,5.31E-05,0.000219066,0.000226049,0.000117722,0.000276635,0.000188352,0.000358546,4.58E-05,0.00031276
1/29/2015,MSFT,0.000232245,0.000264358,0.000156743,0.000235456,0.00022856,0.000149341,7.92E-05,0.000195694,0.000179296,0.00016017,0.000177112,0.000204433,0.000158993,4.54E-05
1/30/2015,MSFT,0.000155553,0.000136273,0.000195173,0.000139716,0.000150746,5.20E-05,9.88E-05,0.000213954,0.000219763,0.000232755,0.000179647,0.000160206,3.86E-05,0.000121634
2/2/2015,MSFT,0.000152963,0.000153664,0.00017557,0.000149162,0.00014928,8.49E-05,6.44E-05,0.000176656,0.000201272,0.000170257,0.000184147,0.000181373,0.000106817,7.46E-05
2/3/2015,MSFT,0.000154156,0.000157775,0.00014131,0.000157294,0.00017775,6.99E-05,0.000107824,0.000185808,0.000161331,0.000166424,0.000157705,0.000187117,6.98E-05,0.000117311
2/4/2015,MSFT,0.000118539,0.000108917,0.000148,0.000119302,0.000135719,5.42E-05,8.15E-05,0.000109273,0.000119622,0.00018485,0.00010953,0.000122899,3.59E-05,8.70E-05
2/5/2015,MSFT,7.30E-05,8.91E-05,9.41E-05,8.42E-05,7.62E-05,4.38E-05,3.24E-05,0.000113841,0.000124943,9.13E-05,9.55E-05,9.38E-05,5.55E-05,3.83E-05
2/6/2015,MSFT,5.93E-05,6.74E-05,7.56E-05,7.62E-05,8.47E-05,3.53E-05,4.93E-05,4.35E-05,4.02E-05,6.37E-05,4.28E-05,6.57E-05,3.31E-05,3.26E-05
2/9/2015,MSFT,8.87E-05,6.44E-05,8.44E-05,6.95E-05,8.76E-05,5.13E-05,3.63E-05,9.66E-05,0.00012259,7.58E-05,0.000106292,9.78E-05,5.93E-05,3.85E-05
2/10/2015,MSFT,7.68E-05,5.78E-05,0.000111089,6.16E-05,0.000114468,2.74E-05,8.71E-05,5.31E-05,5.61E-05,0.000155468,6.21E-05,0.000100298,1.97E-05,8.06E-05
2/11/2015,MSFT,6.58E-05,6.23E-05,7.12E-05,6.18E-05,7.31E-05,3.03E-05,4.28E-05,5.72E-05,6.26E-05,6.84E-05,6.47E-05,8.63E-05,3.48E-05,5.15E-05
2/12/2015,MSFT,6.40E-05,7.26E-05,5.23E-05,6.29E-05,5.95E-05,3.76E-05,2.19E-05,3.32E-05,2.94E-05,4.34E-05,3.65E-05,4.58E-05,3.25E-05,1.33E-05
2/13/2015,MSFT,3.98E-05,4.81E-05,4.00E-05,4.35E-05,4.70E-05,2.53E-05,2.17E-05,1.68E-05,1.70E-05,5.36E-05,2.04E-05,3.83E-05,2.42E-05,1.41E-05
2/17/2015,MSFT,9.64E-05,0.000101807,0.000270569,0.000120646,0.000167074,2.33E-05,0.000143743,5.35E-05,4.49E-05,0.000249116,4.95E-05,0.000265781,2.97E-05,0.00023611
2/18/2015,MSFT,3.45E-05,3.88E-05,3.81E-05,3.77E-05,3.67E-05,1.74E-05,1.92E-05,1.94E-05,1.73E-05,4.01E-05,1.99E-05,3.74E-05,1.58E-05,2.16E-05
2/19/2015,MSFT,7.03E-05,7.32E-05,3.89E-05,6.11E-05,6.40E-05,3.48E-05,2.92E-05,3.61E-05,3.32E-05,3.16E-05,2.85E-05,3.45E-05,2.38E-05,1.08E-05
2/20/2015,MSFT,6.29E-05,7.42E-05,4.93E-05,6.31E-05,5.92E-05,3.27E-05,2.66E-05,3.86E-05,4.69E-05,3.50E-05,4.91E-05,5.48E-05,2.27E-05,3.20E-05
2/23/2015,MSFT,3.14E-05,3.09E-05,5.75E-05,3.48E-05,3.76E-05,2.71E-05,1.05E-05,3.16E-05,3.29E-05,7.48E-05,3.76E-05,4.69E-05,3.40E-05,1.29E-05
2/24/2015,MSFT,6.34E-05,6.17E-05,3.43E-05,5.91E-05,6.17E-05,2.59E-05,3.58E-05,4.46E-05,3.31E-05,2.31E-05,3.44E-05,4.64E-05,2.20E-05,2.44E-05
2/25/2015,MSFT,2.26E-05,2.72E-05,2.63E-05,2.75E-05,2.70E-05,1.54E-05,1.16E-05,1.91E-05,2.20E-05,2.27E-05,2.01E-05,2.21E-05,1.24E-05,9.72E-06
2/26/2015,MSFT,2.98E-05,2.52E-05,3.09E-05,2.62E-05,3.42E-05,1.66E-05,1.75E-05,2.77E-05,2.15E-05,3.31E-05,2.61E-05,2.99E-05,1.75E-05,1.24E-05
2/27/2015,MSFT,5.41E-05,5.20E-05,5.82E-05,6.56E-05,8.57E-05,2.20E-05,6.37E-05,4.18E-05,4.31E-05,4.90E-05,4.15E-05,5.00E-05,1.47E-05,3.53E-05
3/2/2015,MSFT,6.71E-05,6.57E-05,7.41E-05,6.86E-05,6.93E-05,4.22E-05,2.72E-05,5.17E-05,5.58E-05,6.85E-05,5.67E-05,6.56E-05,4.33E-05,2.23E-05
3/3/2015,MSFT,7.80E-05,7.49E-05,7.98E-05,8.80E-05,0.000108222,5.11E-05,5.72E-05,8.31E-05,6.75E-05,4.67E-05,6.37E-05,8.10E-05,3.58E-05,4.51E-05
3/4/2015,MSFT,4.59E-05,4.11E-05,2.73E-05,4.22E-05,4.55E-05,2.35E-05,2.20E-05,2.82E-05,2.61E-05,1.88E-05,2.61E-05,2.67E-05,1.37E-05,1.31E-05
3/5/2015,MSFT,7.23E-05,3.46E-05,5.49E-05,4.63E-05,7.50E-05,4.04E-05,3.46E-05,8.39E-05,8.67E-05,3.87E-05,7.09E-05,6.87E-05,3.28E-05,3.59E-05
3/6/2015,MSFT,7.05E-05,7.90E-05,9.12E-05,8.47E-05,8.83E-05,3.58E-05,5.25E-05,6.77E-05,7.22E-05,9.94E-05,7.58E-05,7.78E-05,2.55E-05,5.23E-05
3/9/2015,MSFT,8.28E-05,0.000101423,6.00E-05,9.23E-05,8.93E-05,6.12E-05,2.81E-05,8.43E-05,6.97E-05,0.000101457,7.27E-05,9.21E-05,6.35E-05,2.86E-05
3/10/2015,MSFT,7.36E-05,7.81E-05,0.000102439,8.58E-05,0.000101049,5.49E-05,4.61E-05,8.36E-05,8.15E-05,6.18E-05,8.16E-05,0.000112564,6.45E-05,4.81E-05
3/11/2015,MSFT,7.97E-05,7.91E-05,6.00E-05,7.37E-05,7.28E-05,3.05E-05,4.22E-05,6.15E-05,6.32E-05,6.68E-05,6.61E-05,6.83E-05,2.80E-05,4.03E-05
3/12/2015,MSFT,0.000176246,0.00018603,9.65E-05,0.000168082,0.000145644,7.01E-05,7.55E-05,0.000118158,0.000132721,1.07E-05,0.000116463,0.00011163,4.95E-05,6.21E-05
3/13/2015,MSFT,9.91E-05,0.000113912,0.000101898,0.000100299,9.76E-05,6.67E-05,3.09E-05,7.73E-05,7.53E-05,5.40E-05,8.69E-05,0.000104931,8.42E-05,2.08E-05
3/16/2015,MSFT,6.25E-05,5.29E-05,6.24E-05,5.82E-05,6.82E-05,3.06E-05,3.75E-05,7.68E-05,7.18E-05,5.60E-05,6.62E-05,6.69E-05,3.20E-05,3.49E-05
3/17/2015,MSFT,7.97E-05,6.88E-05,7.30E-05,6.90E-05,7.36E-05,4.33E-05,3.03E-05,9.55E-05,7.28E-05,9.30E-05,6.68E-05,8.01E-05,4.45E-05,3.56E-05
3/18/2015,MSFT,0.000166168,0.000128144,0.000356561,0.000169149,0.000288099,0.000232843,5.53E-05,0.000165321,0.00017728,0.000368174,0.000218413,0.000320515,0.000263327,5.72E-05
3/19/2015,MSFT,4.58E-05,4.73E-05,5.82E-05,4.91E-05,6.16E-05,3.37E-05,2.78E-05,5.07E-05,5.32E-05,5.58E-05,5.51E-05,7.45E-05,4.07E-05,3.38E-05
3/20/2015,MSFT,5.97E-05,5.49E-05,7.36E-05,6.55E-05,6.78E-05,3.70E-05,3.09E-05,7.98E-05,7.77E-05,4.62E-05,7.13E-05,7.16E-05,3.52E-05,3.63E-05
3/23/2015,MSFT,4.79E-05,5.64E-05,6.47E-05,5.65E-05,5.56E-05,2.49E-05,3.07E-05,2.75E-05,2.97E-05,4.50E-05,4.52E-05,7.14E-05,3.84E-05,3.31E-05
3/24/2015,MSFT,4.85E-05,4.26E-05,4.12E-05,4.50E-05,5.51E-05,3.35E-05,2.16E-05,3.85E-05,4.25E-05,2.72E-05,4.71E-05,4.94E-05,3.03E-05,1.92E-05
3/25/2015,MSFT,0.000160102,0.00015418,0.000183694,0.00013004,0.00015791,3.40E-05,0.000123941,0.000134124,0.000125095,0.000258805,0.000121992,0.000182776,1.78E-05,0.000165002
3/26/2015,MSFT,8.77E-05,8.35E-05,0.000109882,9.28E-05,0.000112169,5.19E-05,6.03E-05,0.000100727,0.00010715,0.000119873,0.000104625,0.000100405,3.84E-05,6.20E-05
3/27/2015,MSFT,4.40E-05,4.49E-05,9.05E-05,5.30E-05,8.68E-05,3.44E-05,5.25E-05,3.62E-05,3.66E-05,0.000102909,4.56E-05,8.33E-05,2.21E-05,6.11E-05
3/30/2015,MSFT,6.57E-05,5.90E-05,7.29E-05,6.64E-05,8.86E-05,4.79E-05,4.07E-05,4.42E-05,3.62E-05,7.48E-05,4.52E-05,7.24E-05,3.36E-05,3.87E-05
3/31/2015,MSFT,0.000101114,0.000105219,8.28E-05,0.00011033,0.000113588,4.78E-05,6.58E-05,9.74E-05,0.000102988,0.000130932,9.45E-05,8.96E-05,3.00E-05,5.96E-05
4/1/2015,MSFT,5.83E-05,4.93E-05,5.50E-05,4.95E-05,5.88E-05,2.56E-05,3.32E-05,4.17E-05,4.02E-05,4.85E-05,4.48E-05,5.10E-05,2.24E-05,2.86E-05
4/2/2015,MSFT,4.95E-05,5.24E-05,5.99E-05,5.08E-05,4.98E-05,2.05E-05,2.93E-05,4.07E-05,4.87E-05,4.73E-05,4.74E-05,5.63E-05,2.02E-05,3.61E-05
4/6/2015,MSFT,6.16E-05,6.63E-05,0.000110572,7.25E-05,8.04E-05,6.37E-05,1.67E-05,7.30E-05,5.85E-05,0.000145553,6.14E-05,8.79E-05,7.17E-05,1.61E-05
4/7/2015,MSFT,5.70E-05,6.07E-05,7.37E-05,5.83E-05,5.72E-05,2.59E-05,3.13E-05,6.11E-05,6.99E-05,9.10E-05,6.35E-05,6.08E-05,2.79E-05,3.30E-05
4/8/2015,MSFT,0.000103534,0.000106454,0.000119359,0.000123728,0.000122283,6.80E-05,5.43E-05,0.000122455,0.000123784,0.000104567,0.000146896,0.00015106,9.38E-05,5.72E-05
4/9/2015,MSFT,4.12E-05,3.68E-05,7.63E-05,6.22E-05,0.000134216,0.00011306,2.12E-05,3.49E-05,3.73E-05,7.54E-05,4.20E-05,8.88E-05,7.33E-05,1.55E-05
4/10/2015,MSFT,2.96E-05,2.57E-05,5.71E-05,3.00E-05,5.34E-05,3.86E-05,1.48E-05,5.31E-05,5.10E-05,3.60E-05,5.38E-05,5.30E-05,3.56E-05,1.74E-05
4/13/2015,MSFT,7.97E-05,7.84E-05,9.35E-05,6.68E-05,7.20E-05,4.97E-05,2.23E-05,8.17E-05,8.81E-05,0.000125962,7.67E-05,8.56E-05,6.38E-05,2.18E-05
4/14/2015,MSFT,7.35E-05,5.99E-05,9.05E-05,7.36E-05,9.54E-05,4.97E-05,4.57E-05,8.54E-05,8.57E-05,8.32E-05,7.75E-05,8.09E-05,4.04E-05,4.05E-05
4/15/2015,MSFT,6.92E-05,5.71E-05,8.15E-05,6.67E-05,8.40E-05,5.93E-05,2.47E-05,7.80E-05,8.64E-05,8.22E-05,7.64E-05,7.92E-05,5.84E-05,2.08E-05
4/16/2015,MSFT,6.49E-05,7.18E-05,6.82E-05,7.60E-05,7.49E-05,4.41E-05,3.08E-05,4.25E-05,3.33E-05,5.52E-05,3.50E-05,4.68E-05,3.12E-05,1.56E-05
4/17/2015,MSFT,7.27E-05,7.68E-05,7.27E-05,7.26E-05,7.31E-05,3.44E-05,3.87E-05,5.47E-05,4.91E-05,6.24E-05,5.48E-05,7.94E-05,2.78E-05,5.16E-05
4/20/2015,MSFT,0.000146106,0.000141597,0.000165519,0.000143916,0.000152785,9.96E-05,5.32E-05,0.000128125,0.000143566,0.00025812,0.000140811,0.000135357,0.000106728,2.86E-05
4/21/2015,MSFT,8.52E-05,7.99E-05,6.52E-05,7.13E-05,7.40E-05,2.72E-05,4.69E-05,5.70E-05,5.17E-05,6.81E-05,6.63E-05,8.51E-05,1.99E-05,6.52E-05
4/22/2015,MSFT,4.96E-05,4.02E-05,5.93E-05,4.47E-05,5.32E-05,3.72E-05,1.60E-05,4.45E-05,4.67E-05,4.86E-05,5.10E-05,6.18E-05,4.61E-05,1.57E-05
4/23/2015,MSFT,0.000130051,0.000138599,0.00012134,0.000157639,0.000168333,0.000115339,5.30E-05,0.000133092,0.000102376,7.06E-05,0.000112624,0.000151173,0.000113331,3.78E-05
4/24/2015,MSFT,0.000304945,0.000303807,0.000327681,0.000313882,0.000375896,0.000277468,9.84E-05,0.000225946,0.000265604,0.000360725,0.000234343,0.00028767,0.000243556,4.41E-05
4/27/2015,MSFT,0.000102877,0.000102826,9.74E-05,0.000110178,0.000119079,7.12E-05,4.79E-05,9.40E-05,8.46E-05,0.000127175,9.08E-05,0.000106334,6.92E-05,3.71E-05
4/28/2015,MSFT,0.000214486,0.000147058,0.000166728,0.000147365,0.000235187,0.000191631,4.36E-05,0.000153082,0.000186533,0.000306514,0.00018235,0.000189251,0.000170094,1.92E-05
4/29/2015,MSFT,9.83E-05,8.50E-05,0.000121251,9.60E-05,0.000104676,6.04E-05,4.43E-05,0.000120786,0.000134789,7.05E-05,0.000122683,0.000107854,6.49E-05,4.29E-05
4/30/2015,MSFT,0.000154162,0.000159217,0.000208754,0.000191258,0.000215596,0.000129873,8.57E-05,0.000186832,0.000193006,0.000159382,0.000199456,0.000200431,0.000118514,8.19E-05
5/1/2015,MSFT,8.48E-05,8.84E-05,8.05E-05,8.62E-05,8.87E-05,4.42E-05,4.45E-05,8.13E-05,7.43E-05,5.97E-05,8.38E-05,8.88E-05,4.37E-05,4.51E-05
5/4/2015,MSFT,6.72E-05,6.93E-05,6.55E-05,6.83E-05,7.69E-05,3.90E-05,3.80E-05,5.34E-05,3.02E-05,5.56E-05,4.00E-05,7.32E-05,3.86E-05,3.45E-05
5/5/2015,MSFT,0.000171271,0.000164906,0.000131077,0.000147161,0.000145194,6.63E-05,7.89E-05,0.000155785,0.000147478,5.56E-05,0.000129438,0.000146305,6.32E-05,8.31E-05
5/6/2015,MSFT,0.000209387,0.000205847,0.00025183,0.000190676,0.000212617,4.07E-05,0.000171927,0.000228558,0.000203112,0.000274861,0.000175927,0.000182752,3.04E-05,0.000152327
5/7/2015,MSFT,9.93E-05,0.000110106,0.0001671,0.0001194,0.000119442,8.39E-05,3.56E-05,0.000115797,0.000101396,0.000140952,0.000114273,0.000123879,8.37E-05,4.02E-05
5/8/2015,MSFT,7.80E-05,7.29E-05,7.17E-05,7.75E-05,0.00010904,7.46E-05,3.45E-05,9.40E-05,8.17E-05,6.06E-05,8.21E-05,9.37E-05,5.88E-05,3.49E-05
5/11/2015,MSFT,5.33E-05,4.58E-05,7.32E-05,5.35E-05,8.60E-05,4.62E-05,3.97E-05,5.76E-05,5.53E-05,5.41E-05,6.02E-05,7.96E-05,4.96E-05,3.00E-05
5/12/2015,MSFT,9.41E-05,8.63E-05,0.000125957,9.39E-05,0.000115,6.41E-05,5.09E-05,6.40E-05,5.64E-05,0.000172114,7.57E-05,0.000110609,7.15E-05,3.91E-05
5/13/2015,MSFT,0.000445088,0.000428468,6.97E-05,0.000273744,0.000326184,0.000150247,0.000175936,0.000404227,0.000382626,3.33E-05,0.000264861,0.000324206,0.000138773,0.000185432
5/14/2015,MSFT,6.32E-05,7.96E-05,0.00010561,7.04E-05,6.72E-05,5.19E-05,1.53E-05,9.09E-05,6.10E-05,0.000121672,5.33E-05,9.09E-05,7.39E-05,1.70E-05
5/15/2015,MSFT,0.00010381,9.28E-05,7.76E-05,9.08E-05,0.000103307,3.57E-05,6.76E-05,3.33E-05,3.44E-05,9.39E-05,5.08E-05,9.24E-05,3.11E-05,6.14E-05
5/18/2015,MSFT,6.82E-05,7.38E-05,7.05E-05,6.61E-05,6.49E-05,3.02E-05,3.47E-05,4.24E-05,3.37E-05,5.01E-05,3.91E-05,5.80E-05,2.25E-05,3.55E-05
5/19/2015,MSFT,8.63E-05,9.18E-05,5.20E-05,9.18E-05,8.39E-05,3.73E-05,4.66E-05,4.63E-05,4.46E-05,6.39E-05,5.26E-05,6.37E-05,2.79E-05,3.58E-05
5/20/2015,MSFT,8.76E-05,8.80E-05,9.18E-05,8.61E-05,9.32E-05,5.01E-05,4.31E-05,0.000145685,0.000127167,4.77E-05,0.00011084,0.00012601,6.72E-05,5.88E-05
5/21/2015,MSFT,3.89E-05,3.69E-05,7.95E-05,4.41E-05,6.30E-05,3.61E-05,2.69E-05,5.96E-05,5.44E-05,8.15E-05,4.75E-05,7.23E-05,3.70E-05,3.53E-05
5/22/2015,MSFT,3.70E-05,3.56E-05,5.01E-05,3.83E-05,4.26E-05,1.49E-05,2.76E-05,3.72E-05,4.38E-05,5.84E-05,4.19E-05,4.30E-05,1.15E-05,3.15E-05
5/26/2015,MSFT,0.000121719,0.000115136,9.69E-05,0.00010496,0.000109689,4.51E-05,6.46E-05,0.000116852,0.000105988,8.86E-05,9.97E-05,9.92E-05,4.48E-05,5.45E-05
5/27/2015,MSFT,7.92E-05,7.61E-05,9.11E-05,7.60E-05,9.41E-05,7.17E-05,2.24E-05,6.77E-05,5.98E-05,0.000124653,6.85E-05,8.74E-05,6.85E-05,1.89E-05
5/28/2015,MSFT,0.000125428,9.01E-05,0.000110838,0.000106163,0.000134215,6.27E-05,7.15E-05,9.27E-05,0.00010225,0.000163614,0.000115763,0.000158103,9.25E-05,6.56E-05
5/29/2015,MSFT,0.000129425,0.000112153,0.000126116,0.000104974,0.000132758,5.15E-05,8.13E-05,0.000144693,0.000135135,0.000147298,0.000121608,0.00012183,4.32E-05,7.86E-05
6/1/2015,MSFT,0.000123754,0.000139087,0.000166496,0.0001301,0.000134938,7.68E-05,5.81E-05,0.000113842,0.000109326,0.000163635,0.000102975,0.000117226,6.49E-05,5.23E-05
6/2/2015,MSFT,9.89E-05,9.26E-05,9.17E-05,0.000103984,0.000131572,5.60E-05,7.56E-05,8.80E-05,6.93E-05,0.00010765,7.89E-05,0.000109967,5.43E-05,5.56E-05
6/3/2015,MSFT,8.97E-05,9.12E-05,0.00010722,9.44E-05,0.00012502,5.83E-05,6.67E-05,9.70E-05,8.65E-05,0.000120481,9.05E-05,0.000104442,4.54E-05,5.91E-05
6/4/2015,MSFT,0.00011442,0.000106606,0.000104876,0.000112877,0.00011626,5.46E-05,6.17E-05,7.47E-05,6.84E-05,0.000112358,8.29E-05,0.000100379,4.56E-05,5.48E-05
6/5/2015,MSFT,0.000123539,0.000116192,0.000156093,0.000121267,0.000129364,5.95E-05,6.99E-05,0.00019202,0.000225386,0.000167836,0.000181878,0.000162792,7.14E-05,9.14E-05
6/8/2015,MSFT,6.28E-05,6.61E-05,4.40E-05,7.28E-05,7.34E-05,2.68E-05,4.65E-05,5.71E-05,5.96E-05,6.48E-05,6.09E-05,6.31E-05,1.84E-05,4.47E-05
6/9/2015,MSFT,0.000120176,0.000121421,0.000121763,0.00012103,0.000116804,5.75E-05,5.93E-05,6.86E-05,7.69E-05,4.87E-05,7.79E-05,0.000103419,3.61E-05,6.73E-05
6/10/2015,MSFT,0.000105406,0.000118172,9.37E-05,0.000122809,0.000138687,0.000103264,3.54E-05,8.09E-05,7.12E-05,0.000119897,7.69E-05,0.000107772,8.81E-05,1.97E-05
6/11/2015,MSFT,6.50E-05,6.49E-05,6.71E-05,6.34E-05,6.42E-05,2.48E-05,3.93E-05,6.42E-05,4.83E-05,4.21E-05,5.48E-05,5.87E-05,1.63E-05,4.24E-05
6/12/2015,MSFT,7.78E-05,6.95E-05,9.54E-05,6.82E-05,7.39E-05,3.93E-05,3.46E-05,9.13E-05,8.16E-05,6.51E-05,7.20E-05,7.38E-05,3.24E-05,4.14E-05
6/15/2015,MSFT,0.000178504,0.000133295,8.72E-05,0.000134946,0.000169119,5.81E-05,0.000111024,0.000118257,0.000139215,0.000141708,0.000127622,0.000124331,5.24E-05,7.19E-05
6/16/2015,MSFT,9.38E-05,0.000102527,0.000128386,9.88E-05,9.60E-05,4.94E-05,4.66E-05,8.35E-05,8.26E-05,9.12E-05,8.03E-05,8.92E-05,5.70E-05,3.22E-05
6/17/2015,MSFT,8.41E-05,7.15E-05,0.000140988,9.88E-05,0.00013876,8.84E-05,5.04E-05,0.000106157,0.000109888,0.000154789,0.000132932,0.000137524,8.71E-05,5.04E-05
6/18/2015,MSFT,0.000128592,0.000106158,0.000104813,0.000117313,0.000135581,9.01E-05,4.55E-05,0.000121746,0.00013859,6.53E-05,0.000112967,9.49E-05,6.04E-05,3.45E-05
6/19/2015,MSFT,0.000115905,0.00011708,0.000120101,9.63E-05,9.69E-05,2.63E-05,7.06E-05,8.91E-05,8.11E-05,0.000153459,9.23E-05,0.000126689,2.46E-05,0.000102084
6/22/2015,MSFT,6.36E-05,7.04E-05,4.11E-05,6.46E-05,6.13E-05,3.50E-05,2.63E-05,4.06E-05,4.06E-05,6.33E-05,4.58E-05,5.99E-05,3.70E-05,2.29E-05
6/23/2015,MSFT,5.87E-05,6.18E-05,6.42E-05,6.17E-05,6.45E-05,2.20E-05,4.25E-05,3.51E-05,3.54E-05,6.36E-05,3.96E-05,6.54E-05,1.26E-05,5.28E-05
6/24/2015,MSFT,9.88E-05,9.87E-05,8.81E-05,9.63E-05,9.75E-05,4.86E-05,4.89E-05,8.66E-05,8.10E-05,0.0001204,8.14E-05,9.76E-05,5.05E-05,4.72E-05
6/25/2015,MSFT,6.28E-05,6.22E-05,6.96E-05,6.13E-05,7.63E-05,3.61E-05,4.02E-05,7.50E-05,6.81E-05,5.85E-05,6.54E-05,7.77E-05,3.01E-05,4.77E-05
6/26/2015,MSFT,0.00016194,0.000155825,0.0001316,0.000161674,0.000197462,0.000116239,8.12E-05,0.000163313,0.000183425,0.000211058,0.00015551,0.000150981,7.62E-05,7.48E-05
6/29/2015,MSFT,0.000117287,0.000114818,8.61E-05,0.00010902,0.000109604,4.63E-05,6.33E-05,0.000125641,0.000164028,4.64E-05,0.000141566,0.000113698,4.11E-05,7.26E-05
6/30/2015,MSFT,0.00012184,9.74E-05,0.000205107,0.000107131,0.000144406,5.45E-05,8.99E-05,0.000212542,0.000207794,0.000196125,0.000175219,0.000178689,5.95E-05,0.000119221
7/1/2015,MSFT,0.000186581,0.000137812,0.000150529,0.000160562,0.000199408,8.86E-05,0.000110806,0.000196254,0.000184019,0.000210762,0.000154248,0.000144644,7.75E-05,6.71E-05
7/2/2015,MSFT,6.41E-05,4.63E-05,5.90E-05,5.55E-05,7.87E-05,3.98E-05,3.89E-05,8.45E-05,0.000104085,8.62E-05,8.01E-05,6.80E-05,2.62E-05,4.18E-05
7/6/2015,MSFT,8.17E-05,7.57E-05,9.86E-05,8.53E-05,9.65E-05,5.65E-05,4.01E-05,6.47E-05,5.03E-05,9.35E-05,6.20E-05,8.75E-05,5.61E-05,3.14E-05
7/7/2015,MSFT,0.000203737,0.000178401,0.000257645,0.000196304,0.000244257,0.000139037,0.00010522,0.000236391,0.000250503,0.000332505,0.000223804,0.000203215,0.000106931,9.63E-05
7/8/2015,MSFT,0.00032443,0.000347041,0.0003335,0.000364224,0.000388791,0.000200677,0.000188114,0.000272113,0.000294692,0.000183064,0.000346009,0.000374706,0.000130238,0.000244467
7/9/2015,MSFT,0.000162495,0.000157336,9.16E-05,0.000135693,0.000142225,6.26E-05,7.96E-05,7.64E-05,7.75E-05,6.82E-05,9.01E-05,0.000103951,4.58E-05,5.82E-05
7/10/2015,MSFT,0.000106478,8.47E-05,0.000128619,8.86E-05,9.97E-05,4.05E-05,5.92E-05,0.0001244,0.000142319,0.000105359,0.000125892,0.000134141,6.02E-05,7.40E-05
7/13/2015,MSFT,9.79E-05,7.66E-05,9.88E-05,8.32E-05,0.000122846,9.47E-05,2.82E-05,0.000156385,0.000149593,0.000145466,0.000117279,0.00013262,0.000103716,2.89E-05
7/14/2015,MSFT,7.06E-05,6.36E-05,5.78E-05,5.98E-05,5.76E-05,3.12E-05,2.64E-05,5.11E-05,4.94E-05,4.50E-05,4.93E-05,5.94E-05,3.92E-05,2.01E-05
7/15/2015,MSFT,5.06E-05,5.23E-05,5.49E-05,5.13E-05,5.86E-05,2.52E-05,3.34E-05,6.24E-05,4.63E-05,5.17E-05,4.59E-05,5.58E-05,2.86E-05,2.73E-05
7/16/2015,MSFT,5.72E-05,6.59E-05,5.81E-05,5.79E-05,5.16E-05,3.55E-05,1.61E-05,4.89E-05,3.08E-05,7.00E-05,3.52E-05,5.09E-05,3.92E-05,1.18E-05
7/17/2015,MSFT,5.26E-05,4.86E-05,7.12E-05,5.09E-05,5.74E-05,3.12E-05,2.62E-05,5.95E-05,6.17E-05,7.69E-05,6.62E-05,6.91E-05,4.16E-05,2.75E-05
7/20/2015,MSFT,5.69E-05,5.79E-05,6.40E-05,5.96E-05,6.25E-05,2.88E-05,3.37E-05,5.01E-05,4.69E-05,8.34E-05,4.75E-05,5.50E-05,3.17E-05,2.33E-05
7/21/2015,MSFT,0.000136528,0.000142891,0.000163125,0.00013246,0.000126169,7.82E-05,4.80E-05,0.000202957,0.000206359,9.81E-05,0.000192424,0.000177953,0.000116095,6.19E-05
7/22/2015,MSFT,0.000461255,0.000512692,0.001085815,0.000518283,0.000664219,0.000474775,0.000189445,0.000551894,0.000489174,0.001210915,0.000489836,0.000952396,0.000691006,0.000261391
7/23/2015,MSFT,0.000104275,7.99E-05,0.000140206,0.000105355,0.000135169,9.07E-05,4.44E-05,0.000128252,0.000154183,0.000191284,0.000149314,0.000138072,9.72E-05,4.09E-05
7/24/2015,MSFT,6.95E-05,7.76E-05,0.000122329,8.44E-05,9.37E-05,4.90E-05,4.47E-05,4.79E-05,3.70E-05,7.36E-05,5.72E-05,9.89E-05,5.94E-05,3.95E-05
7/27/2015,MSFT,0.000100015,9.23E-05,8.93E-05,9.13E-05,0.000103944,3.57E-05,6.82E-05,0.000125456,0.000107766,0.000103258,0.000101347,0.000108905,3.86E-05,7.03E-05
7/28/2015,MSFT,0.000190603,0.000190012,0.000132707,0.00023053,0.000276442,9.89E-05,0.000177576,0.000147412,0.000120666,0.000256343,0.000151143,0.000206291,6.90E-05,0.0001373
7/29/2015,MSFT,0.000213764,0.000217459,0.000169601,0.000200783,0.000179359,0.000108354,7.10E-05,0.000170921,0.000186654,0.00015906,0.000180454,0.000176891,0.000127608,4.93E-05
7/30/2015,MSFT,0.000137455,9.30E-05,0.000150359,0.000109533,0.000138463,8.27E-05,5.57E-05,0.000211366,0.000216478,0.00014073,0.000191398,0.000166531,9.24E-05,7.41E-05
7/31/2015,MSFT,9.20E-05,9.93E-05,0.000107333,0.00011036,0.00011655,4.36E-05,7.30E-05,6.58E-05,7.09E-05,9.71E-05,6.75E-05,0.000105097,2.33E-05,8.18E-05
8/3/2015,MSFT,0.000166466,0.000185884,0.000173099,0.000165609,0.000155708,6.36E-05,9.21E-05,0.000136503,0.000112177,0.000141427,0.000111856,0.000142354,5.25E-05,8.99E-05
8/4/2015,MSFT,0.000148954,0.000170069,0.000117642,0.000149763,0.000135748,8.93E-05,4.64E-05,0.000162905,0.000152654,0.000237288,0.000132485,0.00015327,0.000114854,3.84E-05
8/5/2015,MSFT,0.000170645,0.000182567,0.000167466,0.000154694,0.000158802,8.12E-05,7.76E-05,0.000161594,0.000182539,0.000152004,0.000180764,0.000209902,0.000116689,9.32E-05
8/6/2015,MSFT,7.70E-05,7.60E-05,0.00019036,8.99E-05,0.000147849,2.79E-05,0.000119944,0.000128977,0.000135737,0.000181832,0.000129653,0.000168345,3.89E-05,0.000129427
8/7/2015,MSFT,0.000112313,0.000101493,0.000115511,0.000107645,0.00010991,6.44E-05,4.55E-05,0.000105228,0.000125202,0.000112255,0.000122609,0.000114739,6.56E-05,4.91E-05
8/10/2015,MSFT,6.60E-05,7.23E-05,7.54E-05,7.73E-05,8.32E-05,5.61E-05,2.71E-05,6.22E-05,6.55E-05,5.16E-05,6.63E-05,7.93E-05,5.51E-05,2.41E-05
8/11/2015,MSFT,0.000112543,8.07E-05,0.000115745,9.21E-05,0.000131973,7.08E-05,6.12E-05,0.000113011,0.000120058,6.96E-05,0.000128821,0.000140895,7.35E-05,6.74E-05
8/12/2015,MSFT,0.000194296,0.000164913,0.000105308,0.000151948,0.000159491,8.89E-05,7.05E-05,0.000157466,0.000147554,0.000113869,0.00014479,0.000150433,9.58E-05,5.47E-05
8/13/2015,MSFT,0.000151459,0.000139242,0.000121705,0.000126867,0.00013788,6.32E-05,7.47E-05,0.00010605,9.89E-05,0.000129338,9.79E-05,0.000103315,4.26E-05,6.07E-05
8/14/2015,MSFT,0.000144618,0.000147711,0.00015748,0.000137731,0.000138138,8.50E-05,5.32E-05,0.000178417,0.000172686,6.18E-05,0.00015174,0.000180003,0.000115089,6.49E-05
8/17/2015,MSFT,5.20E-05,5.19E-05,8.96E-05,5.57E-05,5.70E-05,3.50E-05,2.20E-05,4.67E-05,4.89E-05,9.75E-05,5.70E-05,6.68E-05,4.81E-05,1.87E-05
8/18/2015,MSFT,9.45E-05,8.41E-05,4.79E-05,7.64E-05,8.77E-05,5.23E-05,3.54E-05,9.62E-05,8.90E-05,4.70E-05,7.70E-05,7.18E-05,4.70E-05,2.48E-05
8/19/2015,MSFT,0.000143638,0.000132222,0.000142767,0.000135132,0.000142427,6.78E-05,7.46E-05,0.000150775,0.000123034,0.000175568,0.000144365,0.000168858,8.33E-05,8.56E-05
8/20/2015,MSFT,0.000108432,0.000126939,0.000142721,0.000135459,0.000145418,6.30E-05,8.24E-05,0.000127598,0.000112949,0.000108847,0.000131809,0.000166092,7.05E-05,9.56E-05
8/28/2015,MSFT,0.000174944,0.000166516,0.000184191,0.00017206,0.000217312,0.000122825,9.45E-05,0.000155216,0.000130704,0.000231429,0.000136567,0.000226129,0.000134783,9.13E-05
8/31/2015,MSFT,0.000221137,0.000233087,0.00018658,0.000213175,0.000217418,0.000107482,0.000109936,0.000215226,0.00020201,0.000261354,0.000184799,0.000187986,9.86E-05,8.93E-05
9/2/2015,MSFT,0.000182502,0.000205956,0.000235446,0.000197607,0.000216136,0.000144603,7.15E-05,0.000169628,0.00019999,0.000340103,0.000184192,0.000229707,0.000170859,5.88E-05
9/3/2015,MSFT,0.000161345,0.000143117,0.000239388,0.00016966,0.000201443,0.000111963,8.95E-05,0.000177084,0.000195573,0.000223504,0.000196945,0.00026178,0.000156658,0.000105122
9/4/2015,MSFT,0.000243801,0.00028441,0.000175201,0.000265503,0.000232604,9.96E-05,0.000132981,9.69E-05,0.000114465,0.000124454,0.000117612,0.000154046,6.26E-05,9.14E-05
9/8/2015,MSFT,0.000153904,0.000164019,0.000284609,0.00018512,0.00024426,0.000172836,7.14E-05,0.000157297,0.000174574,0.000369808,0.000212861,0.000289097,0.000194882,9.42E-05
9/9/2015,MSFT,0.00011496,0.000113053,0.000176341,0.000113381,0.000121786,3.86E-05,8.32E-05,0.000170415,0.000158485,0.000214639,0.000146777,0.000141975,3.24E-05,0.000109606
9/10/2015,MSFT,0.000229843,0.000248602,0.000258341,0.000244547,0.000230451,0.000121163,0.000109288,0.000243031,0.000242781,0.000302928,0.000220229,0.000227371,0.000126134,0.000101237
9/11/2015,MSFT,0.000136371,0.000142254,0.000100396,0.000135986,0.000138492,7.73E-05,6.12E-05,0.000103038,8.56E-05,9.05E-05,9.08E-05,0.000107114,6.41E-05,4.30E-05
9/14/2015,MSFT,9.36E-05,0.000112458,0.000128976,0.000100855,0.000107799,3.33E-05,7.45E-05,0.000130796,0.000105896,0.0001867,0.000108986,0.000133876,3.08E-05,0.000103039
9/15/2015,MSFT,0.000127657,0.00012528,0.000168305,0.00012692,0.000192245,0.000135986,5.63E-05,0.000116651,8.63E-05,0.000185291,0.000102364,0.000184721,0.000148445,3.63E-05
9/16/2015,MSFT,9.65E-05,9.13E-05,0.000172029,0.000105214,0.00016512,0.000113975,5.11E-05,7.24E-05,6.21E-05,0.000125339,8.38E-05,0.000156399,0.000123818,3.26E-05
9/21/2015,MSFT,0.000190926,0.000190188,0.000132065,0.000185531,0.000201242,0.000119847,8.14E-05,0.000110269,9.03E-05,0.000223478,0.000108842,0.000153792,0.000109387,4.44E-05
9/22/2015,MSFT,0.000132002,0.000145205,0.000167499,0.00014479,0.000162477,9.83E-05,6.42E-05,0.00017361,0.000164042,9.43E-05,0.000157208,0.000173599,0.000114295,5.93E-05
9/23/2015,MSFT,0.000155514,0.000142334,0.000104668,0.000134686,0.000139521,6.94E-05,7.01E-05,0.000100309,0.000107175,8.93E-05,0.000108622,0.000125332,6.14E-05,6.39E-05
9/24/2015,MSFT,0.000179018,0.000145256,0.000181754,0.000150667,0.000177849,0.000101957,7.59E-05,0.000221597,0.000211129,3.22E-05,0.000183302,0.000179519,9.13E-05,8.82E-05
9/25/2015,MSFT,0.000124612,0.000116265,0.000125264,0.000129926,0.00013019,4.82E-05,8.20E-05,0.000160107,0.000178855,0.000136222,0.000160394,0.000140524,4.37E-05,9.68E-05
10/1/2015,MSFT,0.000275891,0.000302941,0.000282339,0.000328678,0.000347865,0.000115285,0.00023258,0.000407341,0.00032929,0.000276566,0.000351354,0.00043903,0.000145073,0.000293956
10/5/2015,MSFT,0.000180092,0.000215231,0.000170212,0.00018534,0.000166848,0.000111462,5.54E-05,0.000115609,0.000122365,0.000140576,0.000154492,0.000223005,0.000182196,4.08E-05
10/6/2015,MSFT,7.94E-05,7.54E-05,0.000107653,7.49E-05,7.84E-05,4.85E-05,2.99E-05,0.000102791,0.00011081,0.00012071,0.000100981,9.94E-05,6.55E-05,3.39E-05
10/8/2015,MSFT,0.000113466,0.000127458,0.000190198,0.000141394,0.000186935,0.000135538,5.14E-05,0.00018918,0.000158103,0.00013027,0.000149044,0.00019593,0.00013888,5.71E-05
10/9/2015,MSFT,0.000126172,0.000114593,0.000100359,0.000109568,0.000117111,5.27E-05,6.44E-05,0.00014183,0.000147017,0.00016255,0.000127625,0.000117554,4.40E-05,7.36E-05
10/12/2015,MSFT,8.83E-05,9.14E-05,4.86E-05,7.80E-05,7.38E-05,3.06E-05,4.32E-05,4.99E-05,5.82E-05,6.37E-05,5.71E-05,5.64E-05,2.96E-05,2.68E-05
10/13/2015,MSFT,5.50E-05,5.38E-05,8.18E-05,5.21E-05,6.36E-05,3.85E-05,2.51E-05,7.25E-05,5.13E-05,7.97E-05,6.26E-05,7.97E-05,4.94E-05,3.04E-05
10/14/2015,MSFT,0.000144786,0.000144672,0.000166035,0.000137754,0.000147891,8.70E-05,6.09E-05,0.000107137,8.91E-05,0.000135986,9.61E-05,0.000134418,7.90E-05,5.54E-05
10/15/2015,MSFT,5.55E-05,5.96E-05,0.000115864,7.43E-05,0.000119901,5.13E-05,6.86E-05,6.74E-05,3.94E-05,8.76E-05,5.60E-05,9.62E-05,4.43E-05,5.19E-05
10/16/2015,MSFT,8.53E-05,9.02E-05,7.53E-05,7.50E-05,7.57E-05,4.81E-05,2.76E-05,6.68E-05,8.43E-05,6.05E-05,8.22E-05,7.90E-05,5.91E-05,1.99E-05
10/19/2015,MSFT,8.29E-05,7.18E-05,0.000162812,8.50E-05,0.000112776,6.11E-05,5.16E-05,7.71E-05,9.24E-05,0.000153978,0.000102139,0.000138785,6.99E-05,6.89E-05
10/20/2015,MSFT,0.000117703,0.000129208,0.000140634,0.000134507,0.000133185,8.32E-05,5.00E-05,0.000130395,0.000111906,0.000101183,0.000115498,0.000133229,7.10E-05,6.22E-05
10/21/2015,MSFT,0.000128665,0.000133742,0.00017671,0.000128236,0.000156357,4.07E-05,0.000115673,9.15E-05,7.07E-05,0.000132869,9.23E-05,0.00012947,2.31E-05,0.000106402
10/23/2015,MSFT,0.000311227,0.00025083,0.000469639,0.000275214,0.000430238,0.000276361,0.000153877,0.000519042,0.000572271,0.000649965,0.000505577,0.000496683,0.000337926,0.000158757
10/26/2015,MSFT,0.000171634,0.000184102,0.000259804,0.000169616,0.00018965,0.000138607,5.10E-05,0.000130011,0.000107923,0.000255909,0.000121977,0.000262234,0.000205865,5.64E-05
10/27/2015,MSFT,0.000103145,0.000100242,9.31E-05,9.29E-05,9.90E-05,4.60E-05,5.30E-05,8.09E-05,6.34E-05,7.15E-05,7.36E-05,9.49E-05,3.73E-05,5.77E-05
10/29/2015,MSFT,0.000115031,0.000120497,0.000127593,0.000114655,0.000111066,4.96E-05,6.15E-05,9.59E-05,7.39E-05,9.72E-05,8.75E-05,0.000106251,4.89E-05,5.73E-05
10/30/2015,MSFT,0.000150507,0.000158563,0.000145363,0.000156878,0.000167933,6.11E-05,0.000106821,0.000114803,0.000138712,0.000150556,0.000146538,0.000183656,4.64E-05,0.000137222
11/2/2015,MSFT,6.56E-05,5.96E-05,4.24E-05,5.68E-05,6.48E-05,3.82E-05,2.66E-05,5.75E-05,5.04E-05,5.56E-05,4.34E-05,4.58E-05,3.13E-05,1.46E-05
11/3/2015,MSFT,7.77E-05,7.93E-05,0.000121705,9.58E-05,0.000120108,9.39E-05,2.62E-05,7.10E-05,6.64E-05,0.000106161,6.84E-05,0.000113663,9.89E-05,1.48E-05
11/4/2015,MSFT,0.000225889,0.000227146,0.000219096,0.000211496,0.000197845,0.000119071,7.88E-05,0.000224196,0.00024595,0.000229607,0.000218776,0.000219303,0.000151745,6.76E-05
11/5/2015,MSFT,6.89E-05,5.97E-05,5.69E-05,5.32E-05,6.83E-05,2.80E-05,4.03E-05,9.32E-05,8.35E-05,4.35E-05,8.14E-05,8.17E-05,3.42E-05,4.75E-05
